name,bus,p_nom,sign,carrier,marginal_cost,efficiency,min_up_time,min_down_time,up_time_before,down_time_before
Solar_6,6,16.0,1.0,PV,0.0,1.0,0,0,1,0
Solar_6_Cur,6,16.0,-1.0,PV,1000.0,1.0,0,0,1,0
OnShore_6,6,5.0,1.0,Wind Onshore,0.0,1.0,0,0,1,0
OnShore_6_Cur,6,5.0,-1.0,Wind Onshore,1000.0,1.0,0,0,1,0
Solar_14,14,3.0,1.0,PV,0.0,1.0,0,0,1,0
Solar_14_Cur,14,3.0,-1.0,PV,1000.0,1.0,0,0,1,0
Solar_27,27,83.0,1.0,PV,0.0,1.0,0,0,1,0
Solar_27_Cur,27,83.0,-1.0,PV,1000.0,1.0,0,0,1,0
OnShore_27,27,157.0,1.0,Wind Onshore,0.0,1.0,0,0,1,0
OnShore_27_Cur,27,157.0,-1.0,Wind Onshore,1000.0,1.0,0,0,1,0
Solar_31,31,3.0,1.0,PV,0.0,1.0,0,0,1,0
Solar_31_Cur,31,3.0,-1.0,PV,1000.0,1.0,0,0,1,0
Solar_32,32,127.0,1.0,PV,0.0,1.0,0,0,1,0
Solar_32_Cur,32,127.0,-1.0,PV,1000.0,1.0,0,0,1,0
OnShore_32,32,48.0,1.0,Wind Onshore,0.0,1.0,0,0,1,0
OnShore_32_Cur,32,48.0,-1.0,Wind Onshore,1000.0,1.0,0,0,1,0
Solar_33,33,51.0,1.0,PV,0.0,1.0,0,0,1,0
Solar_33_Cur,33,51.0,-1.0,PV,1000.0,1.0,0,0,1,0
OnShore_33,33,27.0,1.0,Wind Onshore,0.0,1.0,0,0,1,0
OnShore_33_Cur,33,27.0,-1.0,Wind Onshore,1000.0,1.0,0,0,1,0
Solar_35,35,315.0,1.0,PV,0.0,1.0,0,0,1,0
Solar_35_Cur,35,315.0,-1.0,PV,1000.0,1.0,0,0,1,0
OnShore_35,35,315.0,1.0,Wind Onshore,0.0,1.0,0,0,1,0
OnShore_35_Cur,35,315.0,-1.0,Wind Onshore,1000.0,1.0,0,0,1,0
Solar_37,37,107.0,1.0,PV,0.0,1.0,0,0,1,0
Solar_37_Cur,37,107.0,-1.0,PV,1000.0,1.0,0,0,1,0
OnShore_37,37,86.0,1.0,Wind Onshore,0.0,1.0,0,0,1,0
OnShore_37_Cur,37,86.0,-1.0,Wind Onshore,1000.0,1.0,0,0,1,0
Solar_46,46,22.0,1.0,PV,0.0,1.0,0,0,1,0
Solar_46_Cur,46,22.0,-1.0,PV,1000.0,1.0,0,0,1,0
Solar_47,47,23.0,1.0,PV,0.0,1.0,0,0,1,0
Solar_47_Cur,47,23.0,-1.0,PV,1000.0,1.0,0,0,1,0
Solar_49,49,567.0,1.0,PV,0.0,1.0,0,0,1,0
Solar_49_Cur,49,567.0,-1.0,PV,1000.0,1.0,0,0,1,0
OnShore_49,49,44.0,1.0,Wind Onshore,0.0,1.0,0,0,1,0
OnShore_49_Cur,49,44.0,-1.0,Wind Onshore,1000.0,1.0,0,0,1,0
Solar_55,55,35.0,1.0,PV,0.0,1.0,0,0,1,0
Solar_55_Cur,55,35.0,-1.0,PV,1000.0,1.0,0,0,1,0
OnShore_55,55,76.0,1.0,Wind Onshore,0.0,1.0,0,0,1,0
OnShore_55_Cur,55,76.0,-1.0,Wind Onshore,1000.0,1.0,0,0,1,0
Solar_56,56,136.0,1.0,PV,0.0,1.0,0,0,1,0
Solar_56_Cur,56,136.0,-1.0,PV,1000.0,1.0,0,0,1,0
OnShore_56,56,418.0,1.0,Wind Onshore,0.0,1.0,0,0,1,0
OnShore_56_Cur,56,418.0,-1.0,Wind Onshore,1000.0,1.0,0,0,1,0
Solar_57,57,430.0,1.0,PV,0.0,1.0,0,0,1,0
Solar_57_Cur,57,430.0,-1.0,PV,1000.0,1.0,0,0,1,0
OnShore_57,57,405.0,1.0,Wind Onshore,0.0,1.0,0,0,1,0
OnShore_57_Cur,57,405.0,-1.0,Wind Onshore,1000.0,1.0,0,0,1,0
Solar_58,58,79.0,1.0,PV,0.0,1.0,0,0,1,0
Solar_58_Cur,58,79.0,-1.0,PV,1000.0,1.0,0,0,1,0
Solar_59,59,71.0,1.0,PV,0.0,1.0,0,0,1,0
Solar_59_Cur,59,71.0,-1.0,PV,1000.0,1.0,0,0,1,0
Solar_61,61,229.0,1.0,PV,0.0,1.0,0,0,1,0
Solar_61_Cur,61,229.0,-1.0,PV,1000.0,1.0,0,0,1,0
OnShore_61,61,601.0,1.0,Wind Onshore,0.0,1.0,0,0,1,0
OnShore_61_Cur,61,601.0,-1.0,Wind Onshore,1000.0,1.0,0,0,1,0
Solar_62,62,57.0,1.0,PV,0.0,1.0,0,0,1,0
Solar_62_Cur,62,57.0,-1.0,PV,1000.0,1.0,0,0,1,0
OnShore_62,62,18.0,1.0,Wind Onshore,0.0,1.0,0,0,1,0
OnShore_62_Cur,62,18.0,-1.0,Wind Onshore,1000.0,1.0,0,0,1,0
Solar_65,65,97.0,1.0,PV,0.0,1.0,0,0,1,0
Solar_65_Cur,65,97.0,-1.0,PV,1000.0,1.0,0,0,1,0
OnShore_65,65,155.0,1.0,Wind Onshore,0.0,1.0,0,0,1,0
OnShore_65_Cur,65,155.0,-1.0,Wind Onshore,1000.0,1.0,0,0,1,0
Solar_67,67,47.0,1.0,PV,0.0,1.0,0,0,1,0
Solar_67_Cur,67,47.0,-1.0,PV,1000.0,1.0,0,0,1,0
OnShore_67,67,14.0,1.0,Wind Onshore,0.0,1.0,0,0,1,0
OnShore_67_Cur,67,14.0,-1.0,Wind Onshore,1000.0,1.0,0,0,1,0
Solar_68,68,162.0,1.0,PV,0.0,1.0,0,0,1,0
Solar_68_Cur,68,162.0,-1.0,PV,1000.0,1.0,0,0,1,0
OnShore_68,68,135.0,1.0,Wind Onshore,0.0,1.0,0,0,1,0
OnShore_68_Cur,68,135.0,-1.0,Wind Onshore,1000.0,1.0,0,0,1,0
Solar_71,71,73.0,1.0,PV,0.0,1.0,0,0,1,0
Solar_71_Cur,71,73.0,-1.0,PV,1000.0,1.0,0,0,1,0
OnShore_71,71,6.0,1.0,Wind Onshore,0.0,1.0,0,0,1,0
OnShore_71_Cur,71,6.0,-1.0,Wind Onshore,1000.0,1.0,0,0,1,0
Solar_72,72,60.0,1.0,PV,0.0,1.0,0,0,1,0
Solar_72_Cur,72,60.0,-1.0,PV,1000.0,1.0,0,0,1,0
Solar_73,73,103.0,1.0,PV,0.0,1.0,0,0,1,0
Solar_73_Cur,73,103.0,-1.0,PV,1000.0,1.0,0,0,1,0
OnShore_73,73,89.0,1.0,Wind Onshore,0.0,1.0,0,0,1,0
OnShore_73_Cur,73,89.0,-1.0,Wind Onshore,1000.0,1.0,0,0,1,0
Solar_74,74,57.0,1.0,PV,0.0,1.0,0,0,1,0
Solar_74_Cur,74,57.0,-1.0,PV,1000.0,1.0,0,0,1,0
Solar_76,76,126.0,1.0,PV,0.0,1.0,0,0,1,0
Solar_76_Cur,76,126.0,-1.0,PV,1000.0,1.0,0,0,1,0
OnShore_76,76,87.0,1.0,Wind Onshore,0.0,1.0,0,0,1,0
OnShore_76_Cur,76,87.0,-1.0,Wind Onshore,1000.0,1.0,0,0,1,0
Solar_77,77,152.0,1.0,PV,0.0,1.0,0,0,1,0
Solar_77_Cur,77,152.0,-1.0,PV,1000.0,1.0,0,0,1,0
OnShore_77,77,135.0,1.0,Wind Onshore,0.0,1.0,0,0,1,0
OnShore_77_Cur,77,135.0,-1.0,Wind Onshore,1000.0,1.0,0,0,1,0
Solar_78,78,68.0,1.0,PV,0.0,1.0,0,0,1,0
Solar_78_Cur,78,68.0,-1.0,PV,1000.0,1.0,0,0,1,0
Solar_82,82,8.0,1.0,PV,0.0,1.0,0,0,1,0
Solar_82_Cur,82,8.0,-1.0,PV,1000.0,1.0,0,0,1,0
OnShore_82,82,6.0,1.0,Wind Onshore,0.0,1.0,0,0,1,0
OnShore_82_Cur,82,6.0,-1.0,Wind Onshore,1000.0,1.0,0,0,1,0
Solar_84,84,13.0,1.0,PV,0.0,1.0,0,0,1,0
Solar_84_Cur,84,13.0,-1.0,PV,1000.0,1.0,0,0,1,0
Solar_88,88,81.0,1.0,PV,0.0,1.0,0,0,1,0
Solar_88_Cur,88,81.0,-1.0,PV,1000.0,1.0,0,0,1,0
OnShore_88,88,27.0,1.0,Wind Onshore,0.0,1.0,0,0,1,0
OnShore_88_Cur,88,27.0,-1.0,Wind Onshore,1000.0,1.0,0,0,1,0
Solar_89,89,23.0,1.0,PV,0.0,1.0,0,0,1,0
Solar_89_Cur,89,23.0,-1.0,PV,1000.0,1.0,0,0,1,0
Solar_91,91,22.0,1.0,PV,0.0,1.0,0,0,1,0
Solar_91_Cur,91,22.0,-1.0,PV,1000.0,1.0,0,0,1,0
OnShore_91,91,4.0,1.0,Wind Onshore,0.0,1.0,0,0,1,0
OnShore_91_Cur,91,4.0,-1.0,Wind Onshore,1000.0,1.0,0,0,1,0
Solar_92,92,21.0,1.0,PV,0.0,1.0,0,0,1,0
Solar_92_Cur,92,21.0,-1.0,PV,1000.0,1.0,0,0,1,0
OnShore_92,92,6.0,1.0,Wind Onshore,0.0,1.0,0,0,1,0
OnShore_92_Cur,92,6.0,-1.0,Wind Onshore,1000.0,1.0,0,0,1,0
Solar_94,94,112.0,1.0,PV,0.0,1.0,0,0,1,0
Solar_94_Cur,94,112.0,-1.0,PV,1000.0,1.0,0,0,1,0
OnShore_94,94,69.0,1.0,Wind Onshore,0.0,1.0,0,0,1,0
OnShore_94_Cur,94,69.0,-1.0,Wind Onshore,1000.0,1.0,0,0,1,0
Solar_96,96,6.0,1.0,PV,0.0,1.0,0,0,1,0
Solar_96_Cur,96,6.0,-1.0,PV,1000.0,1.0,0,0,1,0
Solar_98,98,6.0,1.0,PV,0.0,1.0,0,0,1,0
Solar_98_Cur,98,6.0,-1.0,PV,1000.0,1.0,0,0,1,0
Solar_99,99,12.0,1.0,PV,0.0,1.0,0,0,1,0
Solar_99_Cur,99,12.0,-1.0,PV,1000.0,1.0,0,0,1,0
Solar_101,101,35.0,1.0,PV,0.0,1.0,0,0,1,0
Solar_101_Cur,101,35.0,-1.0,PV,1000.0,1.0,0,0,1,0
OnShore_101,101,76.0,1.0,Wind Onshore,0.0,1.0,0,0,1,0
OnShore_101_Cur,101,76.0,-1.0,Wind Onshore,1000.0,1.0,0,0,1,0
Solar_102,102,16.0,1.0,PV,0.0,1.0,0,0,1,0
Solar_102_Cur,102,16.0,-1.0,PV,1000.0,1.0,0,0,1,0
OnShore_102,102,20.0,1.0,Wind Onshore,0.0,1.0,0,0,1,0
OnShore_102_Cur,102,20.0,-1.0,Wind Onshore,1000.0,1.0,0,0,1,0
Solar_104,104,11.0,1.0,PV,0.0,1.0,0,0,1,0
Solar_104_Cur,104,11.0,-1.0,PV,1000.0,1.0,0,0,1,0
Solar_106,106,6.0,1.0,PV,0.0,1.0,0,0,1,0
Solar_106_Cur,106,6.0,-1.0,PV,1000.0,1.0,0,0,1,0
Solar_108,108,15.0,1.0,PV,0.0,1.0,0,0,1,0
Solar_108_Cur,108,15.0,-1.0,PV,1000.0,1.0,0,0,1,0
Solar_109,109,20.0,1.0,PV,0.0,1.0,0,0,1,0
Solar_109_Cur,109,20.0,-1.0,PV,1000.0,1.0,0,0,1,0
Solar_111,111,14.0,1.0,PV,0.0,1.0,0,0,1,0
Solar_111_Cur,111,14.0,-1.0,PV,1000.0,1.0,0,0,1,0
OnShore_111,111,4.0,1.0,Wind Onshore,0.0,1.0,0,0,1,0
OnShore_111_Cur,111,4.0,-1.0,Wind Onshore,1000.0,1.0,0,0,1,0
Solar_112,112,11.0,1.0,PV,0.0,1.0,0,0,1,0
Solar_112_Cur,112,11.0,-1.0,PV,1000.0,1.0,0,0,1,0
Solar_113,113,4.0,1.0,PV,0.0,1.0,0,0,1,0
Solar_113_Cur,113,4.0,-1.0,PV,1000.0,1.0,0,0,1,0
Solar_114,114,23.0,1.0,PV,0.0,1.0,0,0,1,0
Solar_114_Cur,114,23.0,-1.0,PV,1000.0,1.0,0,0,1,0
OnShore_114,114,6.0,1.0,Wind Onshore,0.0,1.0,0,0,1,0
OnShore_114_Cur,114,6.0,-1.0,Wind Onshore,1000.0,1.0,0,0,1,0
Solar_115,115,12.0,1.0,PV,0.0,1.0,0,0,1,0
Solar_115_Cur,115,12.0,-1.0,PV,1000.0,1.0,0,0,1,0
Solar_116,116,7.0,1.0,PV,0.0,1.0,0,0,1,0
Solar_116_Cur,116,7.0,-1.0,PV,1000.0,1.0,0,0,1,0
Solar_117,117,5.0,1.0,PV,0.0,1.0,0,0,1,0
Solar_117_Cur,117,5.0,-1.0,PV,1000.0,1.0,0,0,1,0
Solar_118,118,5.0,1.0,PV,0.0,1.0,0,0,1,0
Solar_118_Cur,118,5.0,-1.0,PV,1000.0,1.0,0,0,1,0
OnShore_118,118,4.0,1.0,Wind Onshore,0.0,1.0,0,0,1,0
OnShore_118_Cur,118,4.0,-1.0,Wind Onshore,1000.0,1.0,0,0,1,0
Solar_119,119,15.0,1.0,PV,0.0,1.0,0,0,1,0
Solar_119_Cur,119,15.0,-1.0,PV,1000.0,1.0,0,0,1,0
Solar_120,120,21.0,1.0,PV,0.0,1.0,0,0,1,0
Solar_120_Cur,120,21.0,-1.0,PV,1000.0,1.0,0,0,1,0
OnShore_120,120,12.0,1.0,Wind Onshore,0.0,1.0,0,0,1,0
OnShore_120_Cur,120,12.0,-1.0,Wind Onshore,1000.0,1.0,0,0,1,0
Solar_121,121,41.0,1.0,PV,0.0,1.0,0,0,1,0
Solar_121_Cur,121,41.0,-1.0,PV,1000.0,1.0,0,0,1,0
OnShore_121,121,12.0,1.0,Wind Onshore,0.0,1.0,0,0,1,0
OnShore_121_Cur,121,12.0,-1.0,Wind Onshore,1000.0,1.0,0,0,1,0
Solar_123,123,13.0,1.0,PV,0.0,1.0,0,0,1,0
Solar_123_Cur,123,13.0,-1.0,PV,1000.0,1.0,0,0,1,0
OnShore_123,123,5.0,1.0,Wind Onshore,0.0,1.0,0,0,1,0
OnShore_123_Cur,123,5.0,-1.0,Wind Onshore,1000.0,1.0,0,0,1,0
Solar_127,127,57.0,1.0,PV,0.0,1.0,0,0,1,0
Solar_127_Cur,127,57.0,-1.0,PV,1000.0,1.0,0,0,1,0
OnShore_127,127,30.0,1.0,Wind Onshore,0.0,1.0,0,0,1,0
OnShore_127_Cur,127,30.0,-1.0,Wind Onshore,1000.0,1.0,0,0,1,0
Solar_128,128,109.0,1.0,PV,0.0,1.0,0,0,1,0
Solar_128_Cur,128,109.0,-1.0,PV,1000.0,1.0,0,0,1,0
Solar_129,129,807.0,1.0,PV,0.0,1.0,0,0,1,0
Solar_129_Cur,129,807.0,-1.0,PV,1000.0,1.0,0,0,1,0
OnShore_129,129,2.0,1.0,Wind Onshore,0.0,1.0,0,0,1,0
OnShore_129_Cur,129,2.0,-1.0,Wind Onshore,1000.0,1.0,0,0,1,0
Solar_130,130,231.0,1.0,PV,0.0,1.0,0,0,1,0
Solar_130_Cur,130,231.0,-1.0,PV,1000.0,1.0,0,0,1,0
OnShore_130,130,356.0,1.0,Wind Onshore,0.0,1.0,0,0,1,0
OnShore_130_Cur,130,356.0,-1.0,Wind Onshore,1000.0,1.0,0,0,1,0
Solar_131,131,92.0,1.0,PV,0.0,1.0,0,0,1,0
Solar_131_Cur,131,92.0,-1.0,PV,1000.0,1.0,0,0,1,0
Solar_132,132,31.0,1.0,PV,0.0,1.0,0,0,1,0
Solar_132_Cur,132,31.0,-1.0,PV,1000.0,1.0,0,0,1,0
OnShore_132,132,72.0,1.0,Wind Onshore,0.0,1.0,0,0,1,0
OnShore_132_Cur,132,72.0,-1.0,Wind Onshore,1000.0,1.0,0,0,1,0
Solar_133,133,83.0,1.0,PV,0.0,1.0,0,0,1,0
Solar_133_Cur,133,83.0,-1.0,PV,1000.0,1.0,0,0,1,0
OnShore_133,133,59.0,1.0,Wind Onshore,0.0,1.0,0,0,1,0
OnShore_133_Cur,133,59.0,-1.0,Wind Onshore,1000.0,1.0,0,0,1,0
Solar_134,134,122.0,1.0,PV,0.0,1.0,0,0,1,0
Solar_134_Cur,134,122.0,-1.0,PV,1000.0,1.0,0,0,1,0
OnShore_134,134,627.0,1.0,Wind Onshore,0.0,1.0,0,0,1,0
OnShore_134_Cur,134,627.0,-1.0,Wind Onshore,1000.0,1.0,0,0,1,0
Solar_135,135,36.0,1.0,PV,0.0,1.0,0,0,1,0
Solar_135_Cur,135,36.0,-1.0,PV,1000.0,1.0,0,0,1,0
OnShore_135,135,145.0,1.0,Wind Onshore,0.0,1.0,0,0,1,0
OnShore_135_Cur,135,145.0,-1.0,Wind Onshore,1000.0,1.0,0,0,1,0
Solar_136,136,337.0,1.0,PV,0.0,1.0,0,0,1,0
Solar_136_Cur,136,337.0,-1.0,PV,1000.0,1.0,0,0,1,0
OnShore_136,136,730.0,1.0,Wind Onshore,0.0,1.0,0,0,1,0
OnShore_136_Cur,136,730.0,-1.0,Wind Onshore,1000.0,1.0,0,0,1,0
Solar_137,137,328.0,1.0,PV,0.0,1.0,0,0,1,0
Solar_137_Cur,137,328.0,-1.0,PV,1000.0,1.0,0,0,1,0
OnShore_137,137,784.0,1.0,Wind Onshore,0.0,1.0,0,0,1,0
OnShore_137_Cur,137,784.0,-1.0,Wind Onshore,1000.0,1.0,0,0,1,0
Solar_138,138,231.0,1.0,PV,0.0,1.0,0,0,1,0
Solar_138_Cur,138,231.0,-1.0,PV,1000.0,1.0,0,0,1,0
OnShore_138,138,531.0,1.0,Wind Onshore,0.0,1.0,0,0,1,0
OnShore_138_Cur,138,531.0,-1.0,Wind Onshore,1000.0,1.0,0,0,1,0
Solar_139,139,11.0,1.0,PV,0.0,1.0,0,0,1,0
Solar_139_Cur,139,11.0,-1.0,PV,1000.0,1.0,0,0,1,0
Solar_140,140,37.0,1.0,PV,0.0,1.0,0,0,1,0
Solar_140_Cur,140,37.0,-1.0,PV,1000.0,1.0,0,0,1,0
OnShore_140,140,93.0,1.0,Wind Onshore,0.0,1.0,0,0,1,0
OnShore_140_Cur,140,93.0,-1.0,Wind Onshore,1000.0,1.0,0,0,1,0
Solar_141,141,52.0,1.0,PV,0.0,1.0,0,0,1,0
Solar_141_Cur,141,52.0,-1.0,PV,1000.0,1.0,0,0,1,0
OnShore_141,141,85.0,1.0,Wind Onshore,0.0,1.0,0,0,1,0
OnShore_141_Cur,141,85.0,-1.0,Wind Onshore,1000.0,1.0,0,0,1,0
Solar_143,143,174.0,1.0,PV,0.0,1.0,0,0,1,0
Solar_143_Cur,143,174.0,-1.0,PV,1000.0,1.0,0,0,1,0
OnShore_143,143,502.0,1.0,Wind Onshore,0.0,1.0,0,0,1,0
OnShore_143_Cur,143,502.0,-1.0,Wind Onshore,1000.0,1.0,0,0,1,0
Solar_144,144,76.0,1.0,PV,0.0,1.0,0,0,1,0
Solar_144_Cur,144,76.0,-1.0,PV,1000.0,1.0,0,0,1,0
OnShore_144,144,132.0,1.0,Wind Onshore,0.0,1.0,0,0,1,0
OnShore_144_Cur,144,132.0,-1.0,Wind Onshore,1000.0,1.0,0,0,1,0
Solar_145,145,139.0,1.0,PV,0.0,1.0,0,0,1,0
Solar_145_Cur,145,139.0,-1.0,PV,1000.0,1.0,0,0,1,0
OnShore_145,145,61.0,1.0,Wind Onshore,0.0,1.0,0,0,1,0
OnShore_145_Cur,145,61.0,-1.0,Wind Onshore,1000.0,1.0,0,0,1,0
Solar_147,147,238.0,1.0,PV,0.0,1.0,0,0,1,0
Solar_147_Cur,147,238.0,-1.0,PV,1000.0,1.0,0,0,1,0
OnShore_147,147,159.0,1.0,Wind Onshore,0.0,1.0,0,0,1,0
OnShore_147_Cur,147,159.0,-1.0,Wind Onshore,1000.0,1.0,0,0,1,0
Solar_149,149,208.0,1.0,PV,0.0,1.0,0,0,1,0
Solar_149_Cur,149,208.0,-1.0,PV,1000.0,1.0,0,0,1,0
OnShore_149,149,106.0,1.0,Wind Onshore,0.0,1.0,0,0,1,0
OnShore_149_Cur,149,106.0,-1.0,Wind Onshore,1000.0,1.0,0,0,1,0
Solar_151,151,60.0,1.0,PV,0.0,1.0,0,0,1,0
Solar_151_Cur,151,60.0,-1.0,PV,1000.0,1.0,0,0,1,0
OnShore_151,151,25.0,1.0,Wind Onshore,0.0,1.0,0,0,1,0
OnShore_151_Cur,151,25.0,-1.0,Wind Onshore,1000.0,1.0,0,0,1,0
Solar_154,154,43.0,1.0,PV,0.0,1.0,0,0,1,0
Solar_154_Cur,154,43.0,-1.0,PV,1000.0,1.0,0,0,1,0
OnShore_154,154,34.0,1.0,Wind Onshore,0.0,1.0,0,0,1,0
OnShore_154_Cur,154,34.0,-1.0,Wind Onshore,1000.0,1.0,0,0,1,0
Solar_156,156,6.0,1.0,PV,0.0,1.0,0,0,1,0
Solar_156_Cur,156,6.0,-1.0,PV,1000.0,1.0,0,0,1,0
Solar_157,157,6.0,1.0,PV,0.0,1.0,0,0,1,0
Solar_157_Cur,157,6.0,-1.0,PV,1000.0,1.0,0,0,1,0
Solar_159,159,30.0,1.0,PV,0.0,1.0,0,0,1,0
Solar_159_Cur,159,30.0,-1.0,PV,1000.0,1.0,0,0,1,0
OnShore_159,159,16.0,1.0,Wind Onshore,0.0,1.0,0,0,1,0
OnShore_159_Cur,159,16.0,-1.0,Wind Onshore,1000.0,1.0,0,0,1,0
Solar_160,160,11.0,1.0,PV,0.0,1.0,0,0,1,0
Solar_160_Cur,160,11.0,-1.0,PV,1000.0,1.0,0,0,1,0
Solar_162,162,147.0,1.0,PV,0.0,1.0,0,0,1,0
Solar_162_Cur,162,147.0,-1.0,PV,1000.0,1.0,0,0,1,0
OnShore_162,162,134.0,1.0,Wind Onshore,0.0,1.0,0,0,1,0
OnShore_162_Cur,162,134.0,-1.0,Wind Onshore,1000.0,1.0,0,0,1,0
Solar_166,166,110.0,1.0,PV,0.0,1.0,0,0,1,0
Solar_166_Cur,166,110.0,-1.0,PV,1000.0,1.0,0,0,1,0
OnShore_166,166,247.0,1.0,Wind Onshore,0.0,1.0,0,0,1,0
OnShore_166_Cur,166,247.0,-1.0,Wind Onshore,1000.0,1.0,0,0,1,0
Solar_167,167,35.0,1.0,PV,0.0,1.0,0,0,1,0
Solar_167_Cur,167,35.0,-1.0,PV,1000.0,1.0,0,0,1,0
OnShore_167,167,155.0,1.0,Wind Onshore,0.0,1.0,0,0,1,0
OnShore_167_Cur,167,155.0,-1.0,Wind Onshore,1000.0,1.0,0,0,1,0
Solar_168,168,28.0,1.0,PV,0.0,1.0,0,0,1,0
Solar_168_Cur,168,28.0,-1.0,PV,1000.0,1.0,0,0,1,0
OnShore_168,168,14.0,1.0,Wind Onshore,0.0,1.0,0,0,1,0
OnShore_168_Cur,168,14.0,-1.0,Wind Onshore,1000.0,1.0,0,0,1,0
Solar_170,170,48.0,1.0,PV,0.0,1.0,0,0,1,0
Solar_170_Cur,170,48.0,-1.0,PV,1000.0,1.0,0,0,1,0
OnShore_170,170,96.0,1.0,Wind Onshore,0.0,1.0,0,0,1,0
OnShore_170_Cur,170,96.0,-1.0,Wind Onshore,1000.0,1.0,0,0,1,0
Solar_172,172,7.0,1.0,PV,0.0,1.0,0,0,1,0
Solar_172_Cur,172,7.0,-1.0,PV,1000.0,1.0,0,0,1,0
Solar_173,173,17.0,1.0,PV,0.0,1.0,0,0,1,0
Solar_173_Cur,173,17.0,-1.0,PV,1000.0,1.0,0,0,1,0
Solar_174,174,60.0,1.0,PV,0.0,1.0,0,0,1,0
Solar_174_Cur,174,60.0,-1.0,PV,1000.0,1.0,0,0,1,0
OnShore_174,174,27.0,1.0,Wind Onshore,0.0,1.0,0,0,1,0
OnShore_174_Cur,174,27.0,-1.0,Wind Onshore,1000.0,1.0,0,0,1,0
Solar_175,175,9.0,1.0,PV,0.0,1.0,0,0,1,0
Solar_175_Cur,175,9.0,-1.0,PV,1000.0,1.0,0,0,1,0
Solar_177,177,18.0,1.0,PV,0.0,1.0,0,0,1,0
Solar_177_Cur,177,18.0,-1.0,PV,1000.0,1.0,0,0,1,0
OnShore_177,177,1.0,1.0,Wind Onshore,0.0,1.0,0,0,1,0
OnShore_177_Cur,177,1.0,-1.0,Wind Onshore,1000.0,1.0,0,0,1,0
Solar_178,178,14.0,1.0,PV,0.0,1.0,0,0,1,0
Solar_178_Cur,178,14.0,-1.0,PV,1000.0,1.0,0,0,1,0
OnShore_178,178,8.0,1.0,Wind Onshore,0.0,1.0,0,0,1,0
OnShore_178_Cur,178,8.0,-1.0,Wind Onshore,1000.0,1.0,0,0,1,0
Solar_179,179,22.0,1.0,PV,0.0,1.0,0,0,1,0
Solar_179_Cur,179,22.0,-1.0,PV,1000.0,1.0,0,0,1,0
OnShore_179,179,10.0,1.0,Wind Onshore,0.0,1.0,0,0,1,0
OnShore_179_Cur,179,10.0,-1.0,Wind Onshore,1000.0,1.0,0,0,1,0
Solar_180,180,77.0,1.0,PV,0.0,1.0,0,0,1,0
Solar_180_Cur,180,77.0,-1.0,PV,1000.0,1.0,0,0,1,0
OnShore_180,180,54.0,1.0,Wind Onshore,0.0,1.0,0,0,1,0
OnShore_180_Cur,180,54.0,-1.0,Wind Onshore,1000.0,1.0,0,0,1,0
Solar_181,181,216.0,1.0,PV,0.0,1.0,0,0,1,0
Solar_181_Cur,181,216.0,-1.0,PV,1000.0,1.0,0,0,1,0
OnShore_181,181,186.0,1.0,Wind Onshore,0.0,1.0,0,0,1,0
OnShore_181_Cur,181,186.0,-1.0,Wind Onshore,1000.0,1.0,0,0,1,0
Solar_182,182,52.0,1.0,PV,0.0,1.0,0,0,1,0
Solar_182_Cur,182,52.0,-1.0,PV,1000.0,1.0,0,0,1,0
OnShore_182,182,49.0,1.0,Wind Onshore,0.0,1.0,0,0,1,0
OnShore_182_Cur,182,49.0,-1.0,Wind Onshore,1000.0,1.0,0,0,1,0
Solar_183,183,103.0,1.0,PV,0.0,1.0,0,0,1,0
Solar_183_Cur,183,103.0,-1.0,PV,1000.0,1.0,0,0,1,0
OnShore_183,183,74.0,1.0,Wind Onshore,0.0,1.0,0,0,1,0
OnShore_183_Cur,183,74.0,-1.0,Wind Onshore,1000.0,1.0,0,0,1,0
Solar_184,184,26.0,1.0,PV,0.0,1.0,0,0,1,0
Solar_184_Cur,184,26.0,-1.0,PV,1000.0,1.0,0,0,1,0
OnShore_184,184,46.0,1.0,Wind Onshore,0.0,1.0,0,0,1,0
OnShore_184_Cur,184,46.0,-1.0,Wind Onshore,1000.0,1.0,0,0,1,0
Solar_185,185,45.0,1.0,PV,0.0,1.0,0,0,1,0
Solar_185_Cur,185,45.0,-1.0,PV,1000.0,1.0,0,0,1,0
Solar_186,186,77.0,1.0,PV,0.0,1.0,0,0,1,0
Solar_186_Cur,186,77.0,-1.0,PV,1000.0,1.0,0,0,1,0
OnShore_186,186,35.0,1.0,Wind Onshore,0.0,1.0,0,0,1,0
OnShore_186_Cur,186,35.0,-1.0,Wind Onshore,1000.0,1.0,0,0,1,0
Solar_187,187,35.0,1.0,PV,0.0,1.0,0,0,1,0
Solar_187_Cur,187,35.0,-1.0,PV,1000.0,1.0,0,0,1,0
OnShore_187,187,13.0,1.0,Wind Onshore,0.0,1.0,0,0,1,0
OnShore_187_Cur,187,13.0,-1.0,Wind Onshore,1000.0,1.0,0,0,1,0
Solar_189,189,160.0,1.0,PV,0.0,1.0,0,0,1,0
Solar_189_Cur,189,160.0,-1.0,PV,1000.0,1.0,0,0,1,0
OnShore_189,189,425.0,1.0,Wind Onshore,0.0,1.0,0,0,1,0
OnShore_189_Cur,189,425.0,-1.0,Wind Onshore,1000.0,1.0,0,0,1,0
Solar_190,190,145.0,1.0,PV,0.0,1.0,0,0,1,0
Solar_190_Cur,190,145.0,-1.0,PV,1000.0,1.0,0,0,1,0
OnShore_190,190,57.0,1.0,Wind Onshore,0.0,1.0,0,0,1,0
OnShore_190_Cur,190,57.0,-1.0,Wind Onshore,1000.0,1.0,0,0,1,0
Solar_191,191,39.0,1.0,PV,0.0,1.0,0,0,1,0
Solar_191_Cur,191,39.0,-1.0,PV,1000.0,1.0,0,0,1,0
OnShore_191,191,26.0,1.0,Wind Onshore,0.0,1.0,0,0,1,0
OnShore_191_Cur,191,26.0,-1.0,Wind Onshore,1000.0,1.0,0,0,1,0
Solar_193,193,29.0,1.0,PV,0.0,1.0,0,0,1,0
Solar_193_Cur,193,29.0,-1.0,PV,1000.0,1.0,0,0,1,0
OnShore_193,193,7.0,1.0,Wind Onshore,0.0,1.0,0,0,1,0
OnShore_193_Cur,193,7.0,-1.0,Wind Onshore,1000.0,1.0,0,0,1,0
Solar_194,194,27.0,1.0,PV,0.0,1.0,0,0,1,0
Solar_194_Cur,194,27.0,-1.0,PV,1000.0,1.0,0,0,1,0
OnShore_194,194,18.0,1.0,Wind Onshore,0.0,1.0,0,0,1,0
OnShore_194_Cur,194,18.0,-1.0,Wind Onshore,1000.0,1.0,0,0,1,0
Solar_195,195,11.0,1.0,PV,0.0,1.0,0,0,1,0
Solar_195_Cur,195,11.0,-1.0,PV,1000.0,1.0,0,0,1,0
Solar_196,196,47.0,1.0,PV,0.0,1.0,0,0,1,0
Solar_196_Cur,196,47.0,-1.0,PV,1000.0,1.0,0,0,1,0
OnShore_196,196,4.0,1.0,Wind Onshore,0.0,1.0,0,0,1,0
OnShore_196_Cur,196,4.0,-1.0,Wind Onshore,1000.0,1.0,0,0,1,0
Solar_197,197,23.0,1.0,PV,0.0,1.0,0,0,1,0
Solar_197_Cur,197,23.0,-1.0,PV,1000.0,1.0,0,0,1,0
OnShore_197,197,12.0,1.0,Wind Onshore,0.0,1.0,0,0,1,0
OnShore_197_Cur,197,12.0,-1.0,Wind Onshore,1000.0,1.0,0,0,1,0
Solar_199,199,81.0,1.0,PV,0.0,1.0,0,0,1,0
Solar_199_Cur,199,81.0,-1.0,PV,1000.0,1.0,0,0,1,0
OnShore_199,199,8.0,1.0,Wind Onshore,0.0,1.0,0,0,1,0
OnShore_199_Cur,199,8.0,-1.0,Wind Onshore,1000.0,1.0,0,0,1,0
Solar_200,200,138.0,1.0,PV,0.0,1.0,0,0,1,0
Solar_200_Cur,200,138.0,-1.0,PV,1000.0,1.0,0,0,1,0
OnShore_200,200,187.0,1.0,Wind Onshore,0.0,1.0,0,0,1,0
OnShore_200_Cur,200,187.0,-1.0,Wind Onshore,1000.0,1.0,0,0,1,0
Solar_201,201,263.0,1.0,PV,0.0,1.0,0,0,1,0
Solar_201_Cur,201,263.0,-1.0,PV,1000.0,1.0,0,0,1,0
OnShore_201,201,756.0,1.0,Wind Onshore,0.0,1.0,0,0,1,0
OnShore_201_Cur,201,756.0,-1.0,Wind Onshore,1000.0,1.0,0,0,1,0
Solar_202,202,348.0,1.0,PV,0.0,1.0,0,0,1,0
Solar_202_Cur,202,348.0,-1.0,PV,1000.0,1.0,0,0,1,0
OnShore_202,202,401.0,1.0,Wind Onshore,0.0,1.0,0,0,1,0
OnShore_202_Cur,202,401.0,-1.0,Wind Onshore,1000.0,1.0,0,0,1,0
Solar_203,203,82.0,1.0,PV,0.0,1.0,0,0,1,0
Solar_203_Cur,203,82.0,-1.0,PV,1000.0,1.0,0,0,1,0
OnShore_203,203,99.0,1.0,Wind Onshore,0.0,1.0,0,0,1,0
OnShore_203_Cur,203,99.0,-1.0,Wind Onshore,1000.0,1.0,0,0,1,0
Solar_206,206,119.0,1.0,PV,0.0,1.0,0,0,1,0
Solar_206_Cur,206,119.0,-1.0,PV,1000.0,1.0,0,0,1,0
OnShore_206,206,84.0,1.0,Wind Onshore,0.0,1.0,0,0,1,0
OnShore_206_Cur,206,84.0,-1.0,Wind Onshore,1000.0,1.0,0,0,1,0
Solar_207,207,152.0,1.0,PV,0.0,1.0,0,0,1,0
Solar_207_Cur,207,152.0,-1.0,PV,1000.0,1.0,0,0,1,0
OnShore_207,207,120.0,1.0,Wind Onshore,0.0,1.0,0,0,1,0
OnShore_207_Cur,207,120.0,-1.0,Wind Onshore,1000.0,1.0,0,0,1,0
Solar_208,208,147.0,1.0,PV,0.0,1.0,0,0,1,0
Solar_208_Cur,208,147.0,-1.0,PV,1000.0,1.0,0,0,1,0
OnShore_208,208,219.0,1.0,Wind Onshore,0.0,1.0,0,0,1,0
OnShore_208_Cur,208,219.0,-1.0,Wind Onshore,1000.0,1.0,0,0,1,0
Solar_209,209,71.0,1.0,PV,0.0,1.0,0,0,1,0
Solar_209_Cur,209,71.0,-1.0,PV,1000.0,1.0,0,0,1,0
OnShore_209,209,129.0,1.0,Wind Onshore,0.0,1.0,0,0,1,0
OnShore_209_Cur,209,129.0,-1.0,Wind Onshore,1000.0,1.0,0,0,1,0
Solar_210,210,85.0,1.0,PV,0.0,1.0,0,0,1,0
Solar_210_Cur,210,85.0,-1.0,PV,1000.0,1.0,0,0,1,0
OnShore_210,210,52.0,1.0,Wind Onshore,0.0,1.0,0,0,1,0
OnShore_210_Cur,210,52.0,-1.0,Wind Onshore,1000.0,1.0,0,0,1,0
Solar_211,211,167.0,1.0,PV,0.0,1.0,0,0,1,0
Solar_211_Cur,211,167.0,-1.0,PV,1000.0,1.0,0,0,1,0
OnShore_211,211,28.0,1.0,Wind Onshore,0.0,1.0,0,0,1,0
OnShore_211_Cur,211,28.0,-1.0,Wind Onshore,1000.0,1.0,0,0,1,0
Solar_213,213,25.0,1.0,PV,0.0,1.0,0,0,1,0
Solar_213_Cur,213,25.0,-1.0,PV,1000.0,1.0,0,0,1,0
OnShore_213,213,4.0,1.0,Wind Onshore,0.0,1.0,0,0,1,0
OnShore_213_Cur,213,4.0,-1.0,Wind Onshore,1000.0,1.0,0,0,1,0
Solar_214,214,73.0,1.0,PV,0.0,1.0,0,0,1,0
Solar_214_Cur,214,73.0,-1.0,PV,1000.0,1.0,0,0,1,0
OnShore_214,214,35.0,1.0,Wind Onshore,0.0,1.0,0,0,1,0
OnShore_214_Cur,214,35.0,-1.0,Wind Onshore,1000.0,1.0,0,0,1,0
Solar_216,216,66.0,1.0,PV,0.0,1.0,0,0,1,0
Solar_216_Cur,216,66.0,-1.0,PV,1000.0,1.0,0,0,1,0
OnShore_216,216,51.0,1.0,Wind Onshore,0.0,1.0,0,0,1,0
OnShore_216_Cur,216,51.0,-1.0,Wind Onshore,1000.0,1.0,0,0,1,0
Solar_217,217,74.0,1.0,PV,0.0,1.0,0,0,1,0
Solar_217_Cur,217,74.0,-1.0,PV,1000.0,1.0,0,0,1,0
OnShore_217,217,143.0,1.0,Wind Onshore,0.0,1.0,0,0,1,0
OnShore_217_Cur,217,143.0,-1.0,Wind Onshore,1000.0,1.0,0,0,1,0
Solar_218,218,47.0,1.0,PV,0.0,1.0,0,0,1,0
Solar_218_Cur,218,47.0,-1.0,PV,1000.0,1.0,0,0,1,0
OnShore_218,218,41.0,1.0,Wind Onshore,0.0,1.0,0,0,1,0
OnShore_218_Cur,218,41.0,-1.0,Wind Onshore,1000.0,1.0,0,0,1,0
Solar_219,219,90.0,1.0,PV,0.0,1.0,0,0,1,0
Solar_219_Cur,219,90.0,-1.0,PV,1000.0,1.0,0,0,1,0
OnShore_219,219,44.0,1.0,Wind Onshore,0.0,1.0,0,0,1,0
OnShore_219_Cur,219,44.0,-1.0,Wind Onshore,1000.0,1.0,0,0,1,0
Solar_220,220,72.0,1.0,PV,0.0,1.0,0,0,1,0
Solar_220_Cur,220,72.0,-1.0,PV,1000.0,1.0,0,0,1,0
OnShore_220,220,117.0,1.0,Wind Onshore,0.0,1.0,0,0,1,0
OnShore_220_Cur,220,117.0,-1.0,Wind Onshore,1000.0,1.0,0,0,1,0
Solar_221,221,89.0,1.0,PV,0.0,1.0,0,0,1,0
Solar_221_Cur,221,89.0,-1.0,PV,1000.0,1.0,0,0,1,0
OnShore_221,221,37.0,1.0,Wind Onshore,0.0,1.0,0,0,1,0
OnShore_221_Cur,221,37.0,-1.0,Wind Onshore,1000.0,1.0,0,0,1,0
Solar_222,222,120.0,1.0,PV,0.0,1.0,0,0,1,0
Solar_222_Cur,222,120.0,-1.0,PV,1000.0,1.0,0,0,1,0
OnShore_222,222,34.0,1.0,Wind Onshore,0.0,1.0,0,0,1,0
OnShore_222_Cur,222,34.0,-1.0,Wind Onshore,1000.0,1.0,0,0,1,0
Solar_223,223,23.0,1.0,PV,0.0,1.0,0,0,1,0
Solar_223_Cur,223,23.0,-1.0,PV,1000.0,1.0,0,0,1,0
OnShore_223,223,21.0,1.0,Wind Onshore,0.0,1.0,0,0,1,0
OnShore_223_Cur,223,21.0,-1.0,Wind Onshore,1000.0,1.0,0,0,1,0
Solar_224,224,129.0,1.0,PV,0.0,1.0,0,0,1,0
Solar_224_Cur,224,129.0,-1.0,PV,1000.0,1.0,0,0,1,0
OnShore_224,224,64.0,1.0,Wind Onshore,0.0,1.0,0,0,1,0
OnShore_224_Cur,224,64.0,-1.0,Wind Onshore,1000.0,1.0,0,0,1,0
Solar_225,225,43.0,1.0,PV,0.0,1.0,0,0,1,0
Solar_225_Cur,225,43.0,-1.0,PV,1000.0,1.0,0,0,1,0
OnShore_225,225,20.0,1.0,Wind Onshore,0.0,1.0,0,0,1,0
OnShore_225_Cur,225,20.0,-1.0,Wind Onshore,1000.0,1.0,0,0,1,0
Solar_226,226,122.0,1.0,PV,0.0,1.0,0,0,1,0
Solar_226_Cur,226,122.0,-1.0,PV,1000.0,1.0,0,0,1,0
OnShore_226,226,34.0,1.0,Wind Onshore,0.0,1.0,0,0,1,0
OnShore_226_Cur,226,34.0,-1.0,Wind Onshore,1000.0,1.0,0,0,1,0
Solar_227,227,218.0,1.0,PV,0.0,1.0,0,0,1,0
Solar_227_Cur,227,218.0,-1.0,PV,1000.0,1.0,0,0,1,0
OnShore_227,227,154.0,1.0,Wind Onshore,0.0,1.0,0,0,1,0
OnShore_227_Cur,227,154.0,-1.0,Wind Onshore,1000.0,1.0,0,0,1,0
Solar_228,228,304.0,1.0,PV,0.0,1.0,0,0,1,0
Solar_228_Cur,228,304.0,-1.0,PV,1000.0,1.0,0,0,1,0
OnShore_228,228,525.0,1.0,Wind Onshore,0.0,1.0,0,0,1,0
OnShore_228_Cur,228,525.0,-1.0,Wind Onshore,1000.0,1.0,0,0,1,0
Solar_229,229,197.0,1.0,PV,0.0,1.0,0,0,1,0
Solar_229_Cur,229,197.0,-1.0,PV,1000.0,1.0,0,0,1,0
OnShore_229,229,676.0,1.0,Wind Onshore,0.0,1.0,0,0,1,0
OnShore_229_Cur,229,676.0,-1.0,Wind Onshore,1000.0,1.0,0,0,1,0
Solar_230,230,273.0,1.0,PV,0.0,1.0,0,0,1,0
Solar_230_Cur,230,273.0,-1.0,PV,1000.0,1.0,0,0,1,0
OnShore_230,230,109.0,1.0,Wind Onshore,0.0,1.0,0,0,1,0
OnShore_230_Cur,230,109.0,-1.0,Wind Onshore,1000.0,1.0,0,0,1,0
Solar_231,231,156.0,1.0,PV,0.0,1.0,0,0,1,0
Solar_231_Cur,231,156.0,-1.0,PV,1000.0,1.0,0,0,1,0
OnShore_231,231,25.0,1.0,Wind Onshore,0.0,1.0,0,0,1,0
OnShore_231_Cur,231,25.0,-1.0,Wind Onshore,1000.0,1.0,0,0,1,0
Solar_232,232,434.0,1.0,PV,0.0,1.0,0,0,1,0
Solar_232_Cur,232,434.0,-1.0,PV,1000.0,1.0,0,0,1,0
OnShore_232,232,295.0,1.0,Wind Onshore,0.0,1.0,0,0,1,0
OnShore_232_Cur,232,295.0,-1.0,Wind Onshore,1000.0,1.0,0,0,1,0
Solar_233,233,241.0,1.0,PV,0.0,1.0,0,0,1,0
Solar_233_Cur,233,241.0,-1.0,PV,1000.0,1.0,0,0,1,0
OnShore_233,233,153.0,1.0,Wind Onshore,0.0,1.0,0,0,1,0
OnShore_233_Cur,233,153.0,-1.0,Wind Onshore,1000.0,1.0,0,0,1,0
Solar_235,235,159.0,1.0,PV,0.0,1.0,0,0,1,0
Solar_235_Cur,235,159.0,-1.0,PV,1000.0,1.0,0,0,1,0
OnShore_235,235,310.0,1.0,Wind Onshore,0.0,1.0,0,0,1,0
OnShore_235_Cur,235,310.0,-1.0,Wind Onshore,1000.0,1.0,0,0,1,0
Solar_236,236,238.0,1.0,PV,0.0,1.0,0,0,1,0
Solar_236_Cur,236,238.0,-1.0,PV,1000.0,1.0,0,0,1,0
OnShore_236,236,373.0,1.0,Wind Onshore,0.0,1.0,0,0,1,0
OnShore_236_Cur,236,373.0,-1.0,Wind Onshore,1000.0,1.0,0,0,1,0
Solar_237,237,93.0,1.0,PV,0.0,1.0,0,0,1,0
Solar_237_Cur,237,93.0,-1.0,PV,1000.0,1.0,0,0,1,0
OnShore_237,237,99.0,1.0,Wind Onshore,0.0,1.0,0,0,1,0
OnShore_237_Cur,237,99.0,-1.0,Wind Onshore,1000.0,1.0,0,0,1,0
Solar_238,238,99.0,1.0,PV,0.0,1.0,0,0,1,0
Solar_238_Cur,238,99.0,-1.0,PV,1000.0,1.0,0,0,1,0
Solar_242,242,73.0,1.0,PV,0.0,1.0,0,0,1,0
Solar_242_Cur,242,73.0,-1.0,PV,1000.0,1.0,0,0,1,0
OnShore_242,242,132.0,1.0,Wind Onshore,0.0,1.0,0,0,1,0
OnShore_242_Cur,242,132.0,-1.0,Wind Onshore,1000.0,1.0,0,0,1,0
Solar_243,243,242.0,1.0,PV,0.0,1.0,0,0,1,0
Solar_243_Cur,243,242.0,-1.0,PV,1000.0,1.0,0,0,1,0
OnShore_243,243,216.0,1.0,Wind Onshore,0.0,1.0,0,0,1,0
OnShore_243_Cur,243,216.0,-1.0,Wind Onshore,1000.0,1.0,0,0,1,0
Solar_244,244,96.0,1.0,PV,0.0,1.0,0,0,1,0
Solar_244_Cur,244,96.0,-1.0,PV,1000.0,1.0,0,0,1,0
OnShore_244,244,96.0,1.0,Wind Onshore,0.0,1.0,0,0,1,0
OnShore_244_Cur,244,96.0,-1.0,Wind Onshore,1000.0,1.0,0,0,1,0
Solar_245,245,53.0,1.0,PV,0.0,1.0,0,0,1,0
Solar_245_Cur,245,53.0,-1.0,PV,1000.0,1.0,0,0,1,0
OnShore_245,245,28.0,1.0,Wind Onshore,0.0,1.0,0,0,1,0
OnShore_245_Cur,245,28.0,-1.0,Wind Onshore,1000.0,1.0,0,0,1,0
Solar_246,246,124.0,1.0,PV,0.0,1.0,0,0,1,0
Solar_246_Cur,246,124.0,-1.0,PV,1000.0,1.0,0,0,1,0
OnShore_246,246,98.0,1.0,Wind Onshore,0.0,1.0,0,0,1,0
OnShore_246_Cur,246,98.0,-1.0,Wind Onshore,1000.0,1.0,0,0,1,0
Solar_247,247,61.0,1.0,PV,0.0,1.0,0,0,1,0
Solar_247_Cur,247,61.0,-1.0,PV,1000.0,1.0,0,0,1,0
OnShore_247,247,30.0,1.0,Wind Onshore,0.0,1.0,0,0,1,0
OnShore_247_Cur,247,30.0,-1.0,Wind Onshore,1000.0,1.0,0,0,1,0
Solar_248,248,45.0,1.0,PV,0.0,1.0,0,0,1,0
Solar_248_Cur,248,45.0,-1.0,PV,1000.0,1.0,0,0,1,0
OnShore_248,248,106.0,1.0,Wind Onshore,0.0,1.0,0,0,1,0
OnShore_248_Cur,248,106.0,-1.0,Wind Onshore,1000.0,1.0,0,0,1,0
Solar_249,249,35.0,1.0,PV,0.0,1.0,0,0,1,0
Solar_249_Cur,249,35.0,-1.0,PV,1000.0,1.0,0,0,1,0
Solar_250,250,8.0,1.0,PV,0.0,1.0,0,0,1,0
Solar_250_Cur,250,8.0,-1.0,PV,1000.0,1.0,0,0,1,0
Solar_251,251,66.0,1.0,PV,0.0,1.0,0,0,1,0
Solar_251_Cur,251,66.0,-1.0,PV,1000.0,1.0,0,0,1,0
Solar_252,252,18.0,1.0,PV,0.0,1.0,0,0,1,0
Solar_252_Cur,252,18.0,-1.0,PV,1000.0,1.0,0,0,1,0
Solar_253,253,11.0,1.0,PV,0.0,1.0,0,0,1,0
Solar_253_Cur,253,11.0,-1.0,PV,1000.0,1.0,0,0,1,0
Solar_254,254,383.0,1.0,PV,0.0,1.0,0,0,1,0
Solar_254_Cur,254,383.0,-1.0,PV,1000.0,1.0,0,0,1,0
OnShore_254,254,87.0,1.0,Wind Onshore,0.0,1.0,0,0,1,0
OnShore_254_Cur,254,87.0,-1.0,Wind Onshore,1000.0,1.0,0,0,1,0
Solar_255,255,100.0,1.0,PV,0.0,1.0,0,0,1,0
Solar_255_Cur,255,100.0,-1.0,PV,1000.0,1.0,0,0,1,0
OnShore_255,255,5.0,1.0,Wind Onshore,0.0,1.0,0,0,1,0
OnShore_255_Cur,255,5.0,-1.0,Wind Onshore,1000.0,1.0,0,0,1,0
Solar_256,256,26.0,1.0,PV,0.0,1.0,0,0,1,0
Solar_256_Cur,256,26.0,-1.0,PV,1000.0,1.0,0,0,1,0
Solar_257,257,84.0,1.0,PV,0.0,1.0,0,0,1,0
Solar_257_Cur,257,84.0,-1.0,PV,1000.0,1.0,0,0,1,0
OnShore_257,257,3.0,1.0,Wind Onshore,0.0,1.0,0,0,1,0
OnShore_257_Cur,257,3.0,-1.0,Wind Onshore,1000.0,1.0,0,0,1,0
Solar_260,260,59.0,1.0,PV,0.0,1.0,0,0,1,0
Solar_260_Cur,260,59.0,-1.0,PV,1000.0,1.0,0,0,1,0
Solar_262,262,111.0,1.0,PV,0.0,1.0,0,0,1,0
Solar_262_Cur,262,111.0,-1.0,PV,1000.0,1.0,0,0,1,0
Solar_263,263,72.0,1.0,PV,0.0,1.0,0,0,1,0
Solar_263_Cur,263,72.0,-1.0,PV,1000.0,1.0,0,0,1,0
OnShore_263,263,10.0,1.0,Wind Onshore,0.0,1.0,0,0,1,0
OnShore_263_Cur,263,10.0,-1.0,Wind Onshore,1000.0,1.0,0,0,1,0
Solar_265,265,104.0,1.0,PV,0.0,1.0,0,0,1,0
Solar_265_Cur,265,104.0,-1.0,PV,1000.0,1.0,0,0,1,0
OnShore_265,265,1.0,1.0,Wind Onshore,0.0,1.0,0,0,1,0
OnShore_265_Cur,265,1.0,-1.0,Wind Onshore,1000.0,1.0,0,0,1,0
Solar_266,266,78.0,1.0,PV,0.0,1.0,0,0,1,0
Solar_266_Cur,266,78.0,-1.0,PV,1000.0,1.0,0,0,1,0
OnShore_266,266,4.0,1.0,Wind Onshore,0.0,1.0,0,0,1,0
OnShore_266_Cur,266,4.0,-1.0,Wind Onshore,1000.0,1.0,0,0,1,0
Solar_267,267,204.0,1.0,PV,0.0,1.0,0,0,1,0
Solar_267_Cur,267,204.0,-1.0,PV,1000.0,1.0,0,0,1,0
OnShore_267,267,38.0,1.0,Wind Onshore,0.0,1.0,0,0,1,0
OnShore_267_Cur,267,38.0,-1.0,Wind Onshore,1000.0,1.0,0,0,1,0
Solar_268,268,221.0,1.0,PV,0.0,1.0,0,0,1,0
Solar_268_Cur,268,221.0,-1.0,PV,1000.0,1.0,0,0,1,0
OnShore_268,268,69.0,1.0,Wind Onshore,0.0,1.0,0,0,1,0
OnShore_268_Cur,268,69.0,-1.0,Wind Onshore,1000.0,1.0,0,0,1,0
Solar_269,269,70.0,1.0,PV,0.0,1.0,0,0,1,0
Solar_269_Cur,269,70.0,-1.0,PV,1000.0,1.0,0,0,1,0
Solar_270,270,72.0,1.0,PV,0.0,1.0,0,0,1,0
Solar_270_Cur,270,72.0,-1.0,PV,1000.0,1.0,0,0,1,0
Solar_271,271,45.0,1.0,PV,0.0,1.0,0,0,1,0
Solar_271_Cur,271,45.0,-1.0,PV,1000.0,1.0,0,0,1,0
OnShore_271,271,6.0,1.0,Wind Onshore,0.0,1.0,0,0,1,0
OnShore_271_Cur,271,6.0,-1.0,Wind Onshore,1000.0,1.0,0,0,1,0
Solar_272,272,26.0,1.0,PV,0.0,1.0,0,0,1,0
Solar_272_Cur,272,26.0,-1.0,PV,1000.0,1.0,0,0,1,0
OnShore_272,272,1.0,1.0,Wind Onshore,0.0,1.0,0,0,1,0
OnShore_272_Cur,272,1.0,-1.0,Wind Onshore,1000.0,1.0,0,0,1,0
Solar_273,273,37.0,1.0,PV,0.0,1.0,0,0,1,0
Solar_273_Cur,273,37.0,-1.0,PV,1000.0,1.0,0,0,1,0
Solar_274,274,164.0,1.0,PV,0.0,1.0,0,0,1,0
Solar_274_Cur,274,164.0,-1.0,PV,1000.0,1.0,0,0,1,0
OnShore_274,274,15.0,1.0,Wind Onshore,0.0,1.0,0,0,1,0
OnShore_274_Cur,274,15.0,-1.0,Wind Onshore,1000.0,1.0,0,0,1,0
Solar_275,275,45.0,1.0,PV,0.0,1.0,0,0,1,0
Solar_275_Cur,275,45.0,-1.0,PV,1000.0,1.0,0,0,1,0
Solar_276,276,256.0,1.0,PV,0.0,1.0,0,0,1,0
Solar_276_Cur,276,256.0,-1.0,PV,1000.0,1.0,0,0,1,0
OnShore_276,276,58.0,1.0,Wind Onshore,0.0,1.0,0,0,1,0
OnShore_276_Cur,276,58.0,-1.0,Wind Onshore,1000.0,1.0,0,0,1,0
Solar_277,277,105.0,1.0,PV,0.0,1.0,0,0,1,0
Solar_277_Cur,277,105.0,-1.0,PV,1000.0,1.0,0,0,1,0
Solar_278,278,65.0,1.0,PV,0.0,1.0,0,0,1,0
Solar_278_Cur,278,65.0,-1.0,PV,1000.0,1.0,0,0,1,0
OnShore_278,278,47.0,1.0,Wind Onshore,0.0,1.0,0,0,1,0
OnShore_278_Cur,278,47.0,-1.0,Wind Onshore,1000.0,1.0,0,0,1,0
Solar_279,279,134.0,1.0,PV,0.0,1.0,0,0,1,0
Solar_279_Cur,279,134.0,-1.0,PV,1000.0,1.0,0,0,1,0
OnShore_279,279,2.0,1.0,Wind Onshore,0.0,1.0,0,0,1,0
OnShore_279_Cur,279,2.0,-1.0,Wind Onshore,1000.0,1.0,0,0,1,0
Solar_280,280,155.0,1.0,PV,0.0,1.0,0,0,1,0
Solar_280_Cur,280,155.0,-1.0,PV,1000.0,1.0,0,0,1,0
OnShore_280,280,51.0,1.0,Wind Onshore,0.0,1.0,0,0,1,0
OnShore_280_Cur,280,51.0,-1.0,Wind Onshore,1000.0,1.0,0,0,1,0
Solar_281,281,127.0,1.0,PV,0.0,1.0,0,0,1,0
Solar_281_Cur,281,127.0,-1.0,PV,1000.0,1.0,0,0,1,0
OnShore_281,281,9.0,1.0,Wind Onshore,0.0,1.0,0,0,1,0
OnShore_281_Cur,281,9.0,-1.0,Wind Onshore,1000.0,1.0,0,0,1,0
Solar_282,282,84.0,1.0,PV,0.0,1.0,0,0,1,0
Solar_282_Cur,282,84.0,-1.0,PV,1000.0,1.0,0,0,1,0
OnShore_282,282,3.0,1.0,Wind Onshore,0.0,1.0,0,0,1,0
OnShore_282_Cur,282,3.0,-1.0,Wind Onshore,1000.0,1.0,0,0,1,0
Solar_285,285,125.0,1.0,PV,0.0,1.0,0,0,1,0
Solar_285_Cur,285,125.0,-1.0,PV,1000.0,1.0,0,0,1,0
OnShore_285,285,4.0,1.0,Wind Onshore,0.0,1.0,0,0,1,0
OnShore_285_Cur,285,4.0,-1.0,Wind Onshore,1000.0,1.0,0,0,1,0
Solar_286,286,177.0,1.0,PV,0.0,1.0,0,0,1,0
Solar_286_Cur,286,177.0,-1.0,PV,1000.0,1.0,0,0,1,0
OnShore_286,286,4.0,1.0,Wind Onshore,0.0,1.0,0,0,1,0
OnShore_286_Cur,286,4.0,-1.0,Wind Onshore,1000.0,1.0,0,0,1,0
Solar_287,287,55.0,1.0,PV,0.0,1.0,0,0,1,0
Solar_287_Cur,287,55.0,-1.0,PV,1000.0,1.0,0,0,1,0
Solar_288,288,160.0,1.0,PV,0.0,1.0,0,0,1,0
Solar_288_Cur,288,160.0,-1.0,PV,1000.0,1.0,0,0,1,0
OnShore_288,288,14.0,1.0,Wind Onshore,0.0,1.0,0,0,1,0
OnShore_288_Cur,288,14.0,-1.0,Wind Onshore,1000.0,1.0,0,0,1,0
Solar_289,289,350.0,1.0,PV,0.0,1.0,0,0,1,0
Solar_289_Cur,289,350.0,-1.0,PV,1000.0,1.0,0,0,1,0
OnShore_289,289,6.0,1.0,Wind Onshore,0.0,1.0,0,0,1,0
OnShore_289_Cur,289,6.0,-1.0,Wind Onshore,1000.0,1.0,0,0,1,0
Solar_290,290,56.0,1.0,PV,0.0,1.0,0,0,1,0
Solar_290_Cur,290,56.0,-1.0,PV,1000.0,1.0,0,0,1,0
Solar_291,291,169.0,1.0,PV,0.0,1.0,0,0,1,0
Solar_291_Cur,291,169.0,-1.0,PV,1000.0,1.0,0,0,1,0
OnShore_291,291,75.0,1.0,Wind Onshore,0.0,1.0,0,0,1,0
OnShore_291_Cur,291,75.0,-1.0,Wind Onshore,1000.0,1.0,0,0,1,0
Solar_293,293,145.0,1.0,PV,0.0,1.0,0,0,1,0
Solar_293_Cur,293,145.0,-1.0,PV,1000.0,1.0,0,0,1,0
OnShore_293,293,72.0,1.0,Wind Onshore,0.0,1.0,0,0,1,0
OnShore_293_Cur,293,72.0,-1.0,Wind Onshore,1000.0,1.0,0,0,1,0
Solar_294,294,271.0,1.0,PV,0.0,1.0,0,0,1,0
Solar_294_Cur,294,271.0,-1.0,PV,1000.0,1.0,0,0,1,0
OnShore_294,294,1.0,1.0,Wind Onshore,0.0,1.0,0,0,1,0
OnShore_294_Cur,294,1.0,-1.0,Wind Onshore,1000.0,1.0,0,0,1,0
Solar_295,295,437.0,1.0,PV,0.0,1.0,0,0,1,0
Solar_295_Cur,295,437.0,-1.0,PV,1000.0,1.0,0,0,1,0
OnShore_295,295,28.0,1.0,Wind Onshore,0.0,1.0,0,0,1,0
OnShore_295_Cur,295,28.0,-1.0,Wind Onshore,1000.0,1.0,0,0,1,0
Solar_296,296,219.0,1.0,PV,0.0,1.0,0,0,1,0
Solar_296_Cur,296,219.0,-1.0,PV,1000.0,1.0,0,0,1,0
OnShore_296,296,17.0,1.0,Wind Onshore,0.0,1.0,0,0,1,0
OnShore_296_Cur,296,17.0,-1.0,Wind Onshore,1000.0,1.0,0,0,1,0
Solar_297,297,462.0,1.0,PV,0.0,1.0,0,0,1,0
Solar_297_Cur,297,462.0,-1.0,PV,1000.0,1.0,0,0,1,0
OnShore_297,297,54.0,1.0,Wind Onshore,0.0,1.0,0,0,1,0
OnShore_297_Cur,297,54.0,-1.0,Wind Onshore,1000.0,1.0,0,0,1,0
Solar_298,298,312.0,1.0,PV,0.0,1.0,0,0,1,0
Solar_298_Cur,298,312.0,-1.0,PV,1000.0,1.0,0,0,1,0
OnShore_298,298,8.0,1.0,Wind Onshore,0.0,1.0,0,0,1,0
OnShore_298_Cur,298,8.0,-1.0,Wind Onshore,1000.0,1.0,0,0,1,0
Solar_299,299,124.0,1.0,PV,0.0,1.0,0,0,1,0
Solar_299_Cur,299,124.0,-1.0,PV,1000.0,1.0,0,0,1,0
Solar_300,300,265.0,1.0,PV,0.0,1.0,0,0,1,0
Solar_300_Cur,300,265.0,-1.0,PV,1000.0,1.0,0,0,1,0
OnShore_300,300,13.0,1.0,Wind Onshore,0.0,1.0,0,0,1,0
OnShore_300_Cur,300,13.0,-1.0,Wind Onshore,1000.0,1.0,0,0,1,0
Solar_302,302,191.0,1.0,PV,0.0,1.0,0,0,1,0
Solar_302_Cur,302,191.0,-1.0,PV,1000.0,1.0,0,0,1,0
OnShore_302,302,11.0,1.0,Wind Onshore,0.0,1.0,0,0,1,0
OnShore_302_Cur,302,11.0,-1.0,Wind Onshore,1000.0,1.0,0,0,1,0
Solar_303,303,198.0,1.0,PV,0.0,1.0,0,0,1,0
Solar_303_Cur,303,198.0,-1.0,PV,1000.0,1.0,0,0,1,0
OnShore_303,303,16.0,1.0,Wind Onshore,0.0,1.0,0,0,1,0
OnShore_303_Cur,303,16.0,-1.0,Wind Onshore,1000.0,1.0,0,0,1,0
Solar_304,304,111.0,1.0,PV,0.0,1.0,0,0,1,0
Solar_304_Cur,304,111.0,-1.0,PV,1000.0,1.0,0,0,1,0
Solar_305,305,274.0,1.0,PV,0.0,1.0,0,0,1,0
Solar_305_Cur,305,274.0,-1.0,PV,1000.0,1.0,0,0,1,0
OnShore_305,305,2.0,1.0,Wind Onshore,0.0,1.0,0,0,1,0
OnShore_305_Cur,305,2.0,-1.0,Wind Onshore,1000.0,1.0,0,0,1,0
Solar_306,306,185.0,1.0,PV,0.0,1.0,0,0,1,0
Solar_306_Cur,306,185.0,-1.0,PV,1000.0,1.0,0,0,1,0
OnShore_306,306,13.0,1.0,Wind Onshore,0.0,1.0,0,0,1,0
OnShore_306_Cur,306,13.0,-1.0,Wind Onshore,1000.0,1.0,0,0,1,0
Solar_307,307,79.0,1.0,PV,0.0,1.0,0,0,1,0
Solar_307_Cur,307,79.0,-1.0,PV,1000.0,1.0,0,0,1,0
OnShore_307,307,1.0,1.0,Wind Onshore,0.0,1.0,0,0,1,0
OnShore_307_Cur,307,1.0,-1.0,Wind Onshore,1000.0,1.0,0,0,1,0
Solar_308,308,64.0,1.0,PV,0.0,1.0,0,0,1,0
Solar_308_Cur,308,64.0,-1.0,PV,1000.0,1.0,0,0,1,0
OnShore_308,308,3.0,1.0,Wind Onshore,0.0,1.0,0,0,1,0
OnShore_308_Cur,308,3.0,-1.0,Wind Onshore,1000.0,1.0,0,0,1,0
Solar_310,310,99.0,1.0,PV,0.0,1.0,0,0,1,0
Solar_310_Cur,310,99.0,-1.0,PV,1000.0,1.0,0,0,1,0
Solar_311,311,191.0,1.0,PV,0.0,1.0,0,0,1,0
Solar_311_Cur,311,191.0,-1.0,PV,1000.0,1.0,0,0,1,0
OnShore_311,311,7.0,1.0,Wind Onshore,0.0,1.0,0,0,1,0
OnShore_311_Cur,311,7.0,-1.0,Wind Onshore,1000.0,1.0,0,0,1,0
Solar_313,313,198.0,1.0,PV,0.0,1.0,0,0,1,0
Solar_313_Cur,313,198.0,-1.0,PV,1000.0,1.0,0,0,1,0
OnShore_313,313,51.0,1.0,Wind Onshore,0.0,1.0,0,0,1,0
OnShore_313_Cur,313,51.0,-1.0,Wind Onshore,1000.0,1.0,0,0,1,0
Solar_314,314,166.0,1.0,PV,0.0,1.0,0,0,1,0
Solar_314_Cur,314,166.0,-1.0,PV,1000.0,1.0,0,0,1,0
OnShore_314,314,5.0,1.0,Wind Onshore,0.0,1.0,0,0,1,0
OnShore_314_Cur,314,5.0,-1.0,Wind Onshore,1000.0,1.0,0,0,1,0
Solar_315,315,426.0,1.0,PV,0.0,1.0,0,0,1,0
Solar_315_Cur,315,426.0,-1.0,PV,1000.0,1.0,0,0,1,0
OnShore_315,315,3.0,1.0,Wind Onshore,0.0,1.0,0,0,1,0
OnShore_315_Cur,315,3.0,-1.0,Wind Onshore,1000.0,1.0,0,0,1,0
Solar_316,316,478.0,1.0,PV,0.0,1.0,0,0,1,0
Solar_316_Cur,316,478.0,-1.0,PV,1000.0,1.0,0,0,1,0
OnShore_316,316,4.0,1.0,Wind Onshore,0.0,1.0,0,0,1,0
OnShore_316_Cur,316,4.0,-1.0,Wind Onshore,1000.0,1.0,0,0,1,0
Solar_317,317,332.0,1.0,PV,0.0,1.0,0,0,1,0
Solar_317_Cur,317,332.0,-1.0,PV,1000.0,1.0,0,0,1,0
OnShore_317,317,5.0,1.0,Wind Onshore,0.0,1.0,0,0,1,0
OnShore_317_Cur,317,5.0,-1.0,Wind Onshore,1000.0,1.0,0,0,1,0
Solar_318,318,253.0,1.0,PV,0.0,1.0,0,0,1,0
Solar_318_Cur,318,253.0,-1.0,PV,1000.0,1.0,0,0,1,0
OnShore_318,318,1.0,1.0,Wind Onshore,0.0,1.0,0,0,1,0
OnShore_318_Cur,318,1.0,-1.0,Wind Onshore,1000.0,1.0,0,0,1,0
Solar_319,319,865.0,1.0,PV,0.0,1.0,0,0,1,0
Solar_319_Cur,319,865.0,-1.0,PV,1000.0,1.0,0,0,1,0
OnShore_319,319,1.0,1.0,Wind Onshore,0.0,1.0,0,0,1,0
OnShore_319_Cur,319,1.0,-1.0,Wind Onshore,1000.0,1.0,0,0,1,0
Solar_320,320,277.0,1.0,PV,0.0,1.0,0,0,1,0
Solar_320_Cur,320,277.0,-1.0,PV,1000.0,1.0,0,0,1,0
OnShore_320,320,1.0,1.0,Wind Onshore,0.0,1.0,0,0,1,0
OnShore_320_Cur,320,1.0,-1.0,Wind Onshore,1000.0,1.0,0,0,1,0
Solar_321,321,224.0,1.0,PV,0.0,1.0,0,0,1,0
Solar_321_Cur,321,224.0,-1.0,PV,1000.0,1.0,0,0,1,0
OnShore_321,321,72.0,1.0,Wind Onshore,0.0,1.0,0,0,1,0
OnShore_321_Cur,321,72.0,-1.0,Wind Onshore,1000.0,1.0,0,0,1,0
Solar_322,322,750.0,1.0,PV,0.0,1.0,0,0,1,0
Solar_322_Cur,322,750.0,-1.0,PV,1000.0,1.0,0,0,1,0
OnShore_322,322,216.0,1.0,Wind Onshore,0.0,1.0,0,0,1,0
OnShore_322_Cur,322,216.0,-1.0,Wind Onshore,1000.0,1.0,0,0,1,0
Solar_323,323,336.0,1.0,PV,0.0,1.0,0,0,1,0
Solar_323_Cur,323,336.0,-1.0,PV,1000.0,1.0,0,0,1,0
OnShore_323,323,211.0,1.0,Wind Onshore,0.0,1.0,0,0,1,0
OnShore_323_Cur,323,211.0,-1.0,Wind Onshore,1000.0,1.0,0,0,1,0
Solar_324,324,200.0,1.0,PV,0.0,1.0,0,0,1,0
Solar_324_Cur,324,200.0,-1.0,PV,1000.0,1.0,0,0,1,0
OnShore_324,324,43.0,1.0,Wind Onshore,0.0,1.0,0,0,1,0
OnShore_324_Cur,324,43.0,-1.0,Wind Onshore,1000.0,1.0,0,0,1,0
Solar_325,325,352.0,1.0,PV,0.0,1.0,0,0,1,0
Solar_325_Cur,325,352.0,-1.0,PV,1000.0,1.0,0,0,1,0
OnShore_325,325,38.0,1.0,Wind Onshore,0.0,1.0,0,0,1,0
OnShore_325_Cur,325,38.0,-1.0,Wind Onshore,1000.0,1.0,0,0,1,0
Solar_326,326,219.0,1.0,PV,0.0,1.0,0,0,1,0
Solar_326_Cur,326,219.0,-1.0,PV,1000.0,1.0,0,0,1,0
OnShore_326,326,42.0,1.0,Wind Onshore,0.0,1.0,0,0,1,0
OnShore_326_Cur,326,42.0,-1.0,Wind Onshore,1000.0,1.0,0,0,1,0
Solar_327,327,79.0,1.0,PV,0.0,1.0,0,0,1,0
Solar_327_Cur,327,79.0,-1.0,PV,1000.0,1.0,0,0,1,0
OnShore_327,327,12.0,1.0,Wind Onshore,0.0,1.0,0,0,1,0
OnShore_327_Cur,327,12.0,-1.0,Wind Onshore,1000.0,1.0,0,0,1,0
Solar_328,328,257.0,1.0,PV,0.0,1.0,0,0,1,0
Solar_328_Cur,328,257.0,-1.0,PV,1000.0,1.0,0,0,1,0
OnShore_328,328,251.0,1.0,Wind Onshore,0.0,1.0,0,0,1,0
OnShore_328_Cur,328,251.0,-1.0,Wind Onshore,1000.0,1.0,0,0,1,0
Solar_329,329,243.0,1.0,PV,0.0,1.0,0,0,1,0
Solar_329_Cur,329,243.0,-1.0,PV,1000.0,1.0,0,0,1,0
OnShore_329,329,27.0,1.0,Wind Onshore,0.0,1.0,0,0,1,0
OnShore_329_Cur,329,27.0,-1.0,Wind Onshore,1000.0,1.0,0,0,1,0
Solar_330,330,220.0,1.0,PV,0.0,1.0,0,0,1,0
Solar_330_Cur,330,220.0,-1.0,PV,1000.0,1.0,0,0,1,0
OnShore_330,330,12.0,1.0,Wind Onshore,0.0,1.0,0,0,1,0
OnShore_330_Cur,330,12.0,-1.0,Wind Onshore,1000.0,1.0,0,0,1,0
Solar_331,331,35.0,1.0,PV,0.0,1.0,0,0,1,0
Solar_331_Cur,331,35.0,-1.0,PV,1000.0,1.0,0,0,1,0
OnShore_331,331,7.0,1.0,Wind Onshore,0.0,1.0,0,0,1,0
OnShore_331_Cur,331,7.0,-1.0,Wind Onshore,1000.0,1.0,0,0,1,0
Solar_332,332,21.0,1.0,PV,0.0,1.0,0,0,1,0
Solar_332_Cur,332,21.0,-1.0,PV,1000.0,1.0,0,0,1,0
OnShore_332,332,2.0,1.0,Wind Onshore,0.0,1.0,0,0,1,0
OnShore_332_Cur,332,2.0,-1.0,Wind Onshore,1000.0,1.0,0,0,1,0
Solar_333,333,98.0,1.0,PV,0.0,1.0,0,0,1,0
Solar_333_Cur,333,98.0,-1.0,PV,1000.0,1.0,0,0,1,0
OnShore_333,333,267.0,1.0,Wind Onshore,0.0,1.0,0,0,1,0
OnShore_333_Cur,333,267.0,-1.0,Wind Onshore,1000.0,1.0,0,0,1,0
Solar_334,334,114.0,1.0,PV,0.0,1.0,0,0,1,0
Solar_334_Cur,334,114.0,-1.0,PV,1000.0,1.0,0,0,1,0
OnShore_334,334,169.0,1.0,Wind Onshore,0.0,1.0,0,0,1,0
OnShore_334_Cur,334,169.0,-1.0,Wind Onshore,1000.0,1.0,0,0,1,0
Solar_335,335,142.0,1.0,PV,0.0,1.0,0,0,1,0
Solar_335_Cur,335,142.0,-1.0,PV,1000.0,1.0,0,0,1,0
OnShore_335,335,164.0,1.0,Wind Onshore,0.0,1.0,0,0,1,0
OnShore_335_Cur,335,164.0,-1.0,Wind Onshore,1000.0,1.0,0,0,1,0
Solar_336,336,593.0,1.0,PV,0.0,1.0,0,0,1,0
Solar_336_Cur,336,593.0,-1.0,PV,1000.0,1.0,0,0,1,0
OnShore_336,336,1386.0,1.0,Wind Onshore,0.0,1.0,0,0,1,0
OnShore_336_Cur,336,1386.0,-1.0,Wind Onshore,1000.0,1.0,0,0,1,0
Solar_337,337,148.0,1.0,PV,0.0,1.0,0,0,1,0
Solar_337_Cur,337,148.0,-1.0,PV,1000.0,1.0,0,0,1,0
OnShore_337,337,200.0,1.0,Wind Onshore,0.0,1.0,0,0,1,0
OnShore_337_Cur,337,200.0,-1.0,Wind Onshore,1000.0,1.0,0,0,1,0
Solar_338,338,269.0,1.0,PV,0.0,1.0,0,0,1,0
Solar_338_Cur,338,269.0,-1.0,PV,1000.0,1.0,0,0,1,0
OnShore_338,338,980.0,1.0,Wind Onshore,0.0,1.0,0,0,1,0
OnShore_338_Cur,338,980.0,-1.0,Wind Onshore,1000.0,1.0,0,0,1,0
Solar_339,339,249.0,1.0,PV,0.0,1.0,0,0,1,0
Solar_339_Cur,339,249.0,-1.0,PV,1000.0,1.0,0,0,1,0
OnShore_339,339,151.0,1.0,Wind Onshore,0.0,1.0,0,0,1,0
OnShore_339_Cur,339,151.0,-1.0,Wind Onshore,1000.0,1.0,0,0,1,0
Solar_340,340,41.0,1.0,PV,0.0,1.0,0,0,1,0
Solar_340_Cur,340,41.0,-1.0,PV,1000.0,1.0,0,0,1,0
OnShore_340,340,8.0,1.0,Wind Onshore,0.0,1.0,0,0,1,0
OnShore_340_Cur,340,8.0,-1.0,Wind Onshore,1000.0,1.0,0,0,1,0
Solar_342,342,17.0,1.0,PV,0.0,1.0,0,0,1,0
Solar_342_Cur,342,17.0,-1.0,PV,1000.0,1.0,0,0,1,0
OnShore_342,342,14.0,1.0,Wind Onshore,0.0,1.0,0,0,1,0
OnShore_342_Cur,342,14.0,-1.0,Wind Onshore,1000.0,1.0,0,0,1,0
Solar_343,343,20.0,1.0,PV,0.0,1.0,0,0,1,0
Solar_343_Cur,343,20.0,-1.0,PV,1000.0,1.0,0,0,1,0
OnShore_343,343,4.0,1.0,Wind Onshore,0.0,1.0,0,0,1,0
OnShore_343_Cur,343,4.0,-1.0,Wind Onshore,1000.0,1.0,0,0,1,0
Solar_344,344,42.0,1.0,PV,0.0,1.0,0,0,1,0
Solar_344_Cur,344,42.0,-1.0,PV,1000.0,1.0,0,0,1,0
OnShore_344,344,10.0,1.0,Wind Onshore,0.0,1.0,0,0,1,0
OnShore_344_Cur,344,10.0,-1.0,Wind Onshore,1000.0,1.0,0,0,1,0
Solar_345,345,385.0,1.0,PV,0.0,1.0,0,0,1,0
Solar_345_Cur,345,385.0,-1.0,PV,1000.0,1.0,0,0,1,0
OnShore_345,345,243.0,1.0,Wind Onshore,0.0,1.0,0,0,1,0
OnShore_345_Cur,345,243.0,-1.0,Wind Onshore,1000.0,1.0,0,0,1,0
Solar_346,346,124.0,1.0,PV,0.0,1.0,0,0,1,0
Solar_346_Cur,346,124.0,-1.0,PV,1000.0,1.0,0,0,1,0
OnShore_346,346,79.0,1.0,Wind Onshore,0.0,1.0,0,0,1,0
OnShore_346_Cur,346,79.0,-1.0,Wind Onshore,1000.0,1.0,0,0,1,0
Solar_347,347,43.0,1.0,PV,0.0,1.0,0,0,1,0
Solar_347_Cur,347,43.0,-1.0,PV,1000.0,1.0,0,0,1,0
OnShore_347,347,20.0,1.0,Wind Onshore,0.0,1.0,0,0,1,0
OnShore_347_Cur,347,20.0,-1.0,Wind Onshore,1000.0,1.0,0,0,1,0
Solar_348,348,55.0,1.0,PV,0.0,1.0,0,0,1,0
Solar_348_Cur,348,55.0,-1.0,PV,1000.0,1.0,0,0,1,0
OnShore_348,348,57.0,1.0,Wind Onshore,0.0,1.0,0,0,1,0
OnShore_348_Cur,348,57.0,-1.0,Wind Onshore,1000.0,1.0,0,0,1,0
Solar_349,349,79.0,1.0,PV,0.0,1.0,0,0,1,0
Solar_349_Cur,349,79.0,-1.0,PV,1000.0,1.0,0,0,1,0
OnShore_349,349,106.0,1.0,Wind Onshore,0.0,1.0,0,0,1,0
OnShore_349_Cur,349,106.0,-1.0,Wind Onshore,1000.0,1.0,0,0,1,0
Solar_350,350,218.0,1.0,PV,0.0,1.0,0,0,1,0
Solar_350_Cur,350,218.0,-1.0,PV,1000.0,1.0,0,0,1,0
OnShore_350,350,281.0,1.0,Wind Onshore,0.0,1.0,0,0,1,0
OnShore_350_Cur,350,281.0,-1.0,Wind Onshore,1000.0,1.0,0,0,1,0
Solar_351,351,44.0,1.0,PV,0.0,1.0,0,0,1,0
Solar_351_Cur,351,44.0,-1.0,PV,1000.0,1.0,0,0,1,0
OnShore_351,351,25.0,1.0,Wind Onshore,0.0,1.0,0,0,1,0
OnShore_351_Cur,351,25.0,-1.0,Wind Onshore,1000.0,1.0,0,0,1,0
Solar_352,352,228.0,1.0,PV,0.0,1.0,0,0,1,0
Solar_352_Cur,352,228.0,-1.0,PV,1000.0,1.0,0,0,1,0
OnShore_352,352,151.0,1.0,Wind Onshore,0.0,1.0,0,0,1,0
OnShore_352_Cur,352,151.0,-1.0,Wind Onshore,1000.0,1.0,0,0,1,0
Solar_353,353,66.0,1.0,PV,0.0,1.0,0,0,1,0
Solar_353_Cur,353,66.0,-1.0,PV,1000.0,1.0,0,0,1,0
OnShore_353,353,94.0,1.0,Wind Onshore,0.0,1.0,0,0,1,0
OnShore_353_Cur,353,94.0,-1.0,Wind Onshore,1000.0,1.0,0,0,1,0
Solar_354,354,184.0,1.0,PV,0.0,1.0,0,0,1,0
Solar_354_Cur,354,184.0,-1.0,PV,1000.0,1.0,0,0,1,0
OnShore_354,354,70.0,1.0,Wind Onshore,0.0,1.0,0,0,1,0
OnShore_354_Cur,354,70.0,-1.0,Wind Onshore,1000.0,1.0,0,0,1,0
Solar_356,356,62.0,1.0,PV,0.0,1.0,0,0,1,0
Solar_356_Cur,356,62.0,-1.0,PV,1000.0,1.0,0,0,1,0
OnShore_356,356,95.0,1.0,Wind Onshore,0.0,1.0,0,0,1,0
OnShore_356_Cur,356,95.0,-1.0,Wind Onshore,1000.0,1.0,0,0,1,0
Solar_357,357,465.0,1.0,PV,0.0,1.0,0,0,1,0
Solar_357_Cur,357,465.0,-1.0,PV,1000.0,1.0,0,0,1,0
OnShore_357,357,229.0,1.0,Wind Onshore,0.0,1.0,0,0,1,0
OnShore_357_Cur,357,229.0,-1.0,Wind Onshore,1000.0,1.0,0,0,1,0
Solar_358,358,476.0,1.0,PV,0.0,1.0,0,0,1,0
Solar_358_Cur,358,476.0,-1.0,PV,1000.0,1.0,0,0,1,0
OnShore_358,358,1259.0,1.0,Wind Onshore,0.0,1.0,0,0,1,0
OnShore_358_Cur,358,1259.0,-1.0,Wind Onshore,1000.0,1.0,0,0,1,0
Solar_359,359,159.0,1.0,PV,0.0,1.0,0,0,1,0
Solar_359_Cur,359,159.0,-1.0,PV,1000.0,1.0,0,0,1,0
OnShore_359,359,622.0,1.0,Wind Onshore,0.0,1.0,0,0,1,0
OnShore_359_Cur,359,622.0,-1.0,Wind Onshore,1000.0,1.0,0,0,1,0
Solar_361,361,8.0,1.0,PV,0.0,1.0,0,0,1,0
Solar_361_Cur,361,8.0,-1.0,PV,1000.0,1.0,0,0,1,0
OnShore_361,361,3.0,1.0,Wind Onshore,0.0,1.0,0,0,1,0
OnShore_361_Cur,361,3.0,-1.0,Wind Onshore,1000.0,1.0,0,0,1,0
Solar_362,362,413.0,1.0,PV,0.0,1.0,0,0,1,0
Solar_362_Cur,362,413.0,-1.0,PV,1000.0,1.0,0,0,1,0
OnShore_362,362,295.0,1.0,Wind Onshore,0.0,1.0,0,0,1,0
OnShore_362_Cur,362,295.0,-1.0,Wind Onshore,1000.0,1.0,0,0,1,0
Solar_363,363,9.0,1.0,PV,0.0,1.0,0,0,1,0
Solar_363_Cur,363,9.0,-1.0,PV,1000.0,1.0,0,0,1,0
Solar_364,364,37.0,1.0,PV,0.0,1.0,0,0,1,0
Solar_364_Cur,364,37.0,-1.0,PV,1000.0,1.0,0,0,1,0
OnShore_364,364,6.0,1.0,Wind Onshore,0.0,1.0,0,0,1,0
OnShore_364_Cur,364,6.0,-1.0,Wind Onshore,1000.0,1.0,0,0,1,0
Solar_365,365,128.0,1.0,PV,0.0,1.0,0,0,1,0
Solar_365_Cur,365,128.0,-1.0,PV,1000.0,1.0,0,0,1,0
OnShore_365,365,544.0,1.0,Wind Onshore,0.0,1.0,0,0,1,0
OnShore_365_Cur,365,544.0,-1.0,Wind Onshore,1000.0,1.0,0,0,1,0
Solar_366,366,83.0,1.0,PV,0.0,1.0,0,0,1,0
Solar_366_Cur,366,83.0,-1.0,PV,1000.0,1.0,0,0,1,0
OnShore_366,366,148.0,1.0,Wind Onshore,0.0,1.0,0,0,1,0
OnShore_366_Cur,366,148.0,-1.0,Wind Onshore,1000.0,1.0,0,0,1,0
Solar_367,367,6.0,1.0,PV,0.0,1.0,0,0,1,0
Solar_367_Cur,367,6.0,-1.0,PV,1000.0,1.0,0,0,1,0
Solar_368,368,258.0,1.0,PV,0.0,1.0,0,0,1,0
Solar_368_Cur,368,258.0,-1.0,PV,1000.0,1.0,0,0,1,0
OnShore_368,368,960.0,1.0,Wind Onshore,0.0,1.0,0,0,1,0
OnShore_368_Cur,368,960.0,-1.0,Wind Onshore,1000.0,1.0,0,0,1,0
Solar_369,369,3.0,1.0,PV,0.0,1.0,0,0,1,0
Solar_369_Cur,369,3.0,-1.0,PV,1000.0,1.0,0,0,1,0
Solar_370,370,13.0,1.0,PV,0.0,1.0,0,0,1,0
Solar_370_Cur,370,13.0,-1.0,PV,1000.0,1.0,0,0,1,0
Solar_371,371,8.0,1.0,PV,0.0,1.0,0,0,1,0
Solar_371_Cur,371,8.0,-1.0,PV,1000.0,1.0,0,0,1,0
Solar_372,372,263.0,1.0,PV,0.0,1.0,0,0,1,0
Solar_372_Cur,372,263.0,-1.0,PV,1000.0,1.0,0,0,1,0
OnShore_372,372,218.0,1.0,Wind Onshore,0.0,1.0,0,0,1,0
OnShore_372_Cur,372,218.0,-1.0,Wind Onshore,1000.0,1.0,0,0,1,0
Solar_373,373,208.0,1.0,PV,0.0,1.0,0,0,1,0
Solar_373_Cur,373,208.0,-1.0,PV,1000.0,1.0,0,0,1,0
OnShore_373,373,527.0,1.0,Wind Onshore,0.0,1.0,0,0,1,0
OnShore_373_Cur,373,527.0,-1.0,Wind Onshore,1000.0,1.0,0,0,1,0
Solar_374,374,99.0,1.0,PV,0.0,1.0,0,0,1,0
Solar_374_Cur,374,99.0,-1.0,PV,1000.0,1.0,0,0,1,0
OnShore_374,374,174.0,1.0,Wind Onshore,0.0,1.0,0,0,1,0
OnShore_374_Cur,374,174.0,-1.0,Wind Onshore,1000.0,1.0,0,0,1,0
Solar_375,375,174.0,1.0,PV,0.0,1.0,0,0,1,0
Solar_375_Cur,375,174.0,-1.0,PV,1000.0,1.0,0,0,1,0
OnShore_375,375,465.0,1.0,Wind Onshore,0.0,1.0,0,0,1,0
OnShore_375_Cur,375,465.0,-1.0,Wind Onshore,1000.0,1.0,0,0,1,0
Solar_376,376,93.0,1.0,PV,0.0,1.0,0,0,1,0
Solar_376_Cur,376,93.0,-1.0,PV,1000.0,1.0,0,0,1,0
OnShore_376,376,15.0,1.0,Wind Onshore,0.0,1.0,0,0,1,0
OnShore_376_Cur,376,15.0,-1.0,Wind Onshore,1000.0,1.0,0,0,1,0
Solar_377,377,59.0,1.0,PV,0.0,1.0,0,0,1,0
Solar_377_Cur,377,59.0,-1.0,PV,1000.0,1.0,0,0,1,0
OnShore_377,377,179.0,1.0,Wind Onshore,0.0,1.0,0,0,1,0
OnShore_377_Cur,377,179.0,-1.0,Wind Onshore,1000.0,1.0,0,0,1,0
Solar_381,381,46.0,1.0,PV,0.0,1.0,0,0,1,0
Solar_381_Cur,381,46.0,-1.0,PV,1000.0,1.0,0,0,1,0
OnShore_381,381,275.0,1.0,Wind Onshore,0.0,1.0,0,0,1,0
OnShore_381_Cur,381,275.0,-1.0,Wind Onshore,1000.0,1.0,0,0,1,0
Solar_382,382,10.0,1.0,PV,0.0,1.0,0,0,1,0
Solar_382_Cur,382,10.0,-1.0,PV,1000.0,1.0,0,0,1,0
OnShore_382,382,13.0,1.0,Wind Onshore,0.0,1.0,0,0,1,0
OnShore_382_Cur,382,13.0,-1.0,Wind Onshore,1000.0,1.0,0,0,1,0
Solar_383,383,97.0,1.0,PV,0.0,1.0,0,0,1,0
Solar_383_Cur,383,97.0,-1.0,PV,1000.0,1.0,0,0,1,0
OnShore_383,383,462.0,1.0,Wind Onshore,0.0,1.0,0,0,1,0
OnShore_383_Cur,383,462.0,-1.0,Wind Onshore,1000.0,1.0,0,0,1,0
Solar_384,384,44.0,1.0,PV,0.0,1.0,0,0,1,0
Solar_384_Cur,384,44.0,-1.0,PV,1000.0,1.0,0,0,1,0
OnShore_384,384,87.0,1.0,Wind Onshore,0.0,1.0,0,0,1,0
OnShore_384_Cur,384,87.0,-1.0,Wind Onshore,1000.0,1.0,0,0,1,0
Solar_385,385,23.0,1.0,PV,0.0,1.0,0,0,1,0
Solar_385_Cur,385,23.0,-1.0,PV,1000.0,1.0,0,0,1,0
OnShore_385,385,12.0,1.0,Wind Onshore,0.0,1.0,0,0,1,0
OnShore_385_Cur,385,12.0,-1.0,Wind Onshore,1000.0,1.0,0,0,1,0
Solar_386,386,163.0,1.0,PV,0.0,1.0,0,0,1,0
Solar_386_Cur,386,163.0,-1.0,PV,1000.0,1.0,0,0,1,0
OnShore_386,386,333.0,1.0,Wind Onshore,0.0,1.0,0,0,1,0
OnShore_386_Cur,386,333.0,-1.0,Wind Onshore,1000.0,1.0,0,0,1,0
Solar_388,388,61.0,1.0,PV,0.0,1.0,0,0,1,0
Solar_388_Cur,388,61.0,-1.0,PV,1000.0,1.0,0,0,1,0
OnShore_388,388,37.0,1.0,Wind Onshore,0.0,1.0,0,0,1,0
OnShore_388_Cur,388,37.0,-1.0,Wind Onshore,1000.0,1.0,0,0,1,0
Solar_389,389,114.0,1.0,PV,0.0,1.0,0,0,1,0
Solar_389_Cur,389,114.0,-1.0,PV,1000.0,1.0,0,0,1,0
OnShore_389,389,441.0,1.0,Wind Onshore,0.0,1.0,0,0,1,0
OnShore_389_Cur,389,441.0,-1.0,Wind Onshore,1000.0,1.0,0,0,1,0
Solar_390,390,250.0,1.0,PV,0.0,1.0,0,0,1,0
Solar_390_Cur,390,250.0,-1.0,PV,1000.0,1.0,0,0,1,0
OnShore_390,390,268.0,1.0,Wind Onshore,0.0,1.0,0,0,1,0
OnShore_390_Cur,390,268.0,-1.0,Wind Onshore,1000.0,1.0,0,0,1,0
Solar_391,391,163.0,1.0,PV,0.0,1.0,0,0,1,0
Solar_391_Cur,391,163.0,-1.0,PV,1000.0,1.0,0,0,1,0
OnShore_391,391,100.0,1.0,Wind Onshore,0.0,1.0,0,0,1,0
OnShore_391_Cur,391,100.0,-1.0,Wind Onshore,1000.0,1.0,0,0,1,0
Solar_392,392,300.0,1.0,PV,0.0,1.0,0,0,1,0
Solar_392_Cur,392,300.0,-1.0,PV,1000.0,1.0,0,0,1,0
OnShore_392,392,414.0,1.0,Wind Onshore,0.0,1.0,0,0,1,0
OnShore_392_Cur,392,414.0,-1.0,Wind Onshore,1000.0,1.0,0,0,1,0
Solar_393,393,226.0,1.0,PV,0.0,1.0,0,0,1,0
Solar_393_Cur,393,226.0,-1.0,PV,1000.0,1.0,0,0,1,0
OnShore_393,393,333.0,1.0,Wind Onshore,0.0,1.0,0,0,1,0
OnShore_393_Cur,393,333.0,-1.0,Wind Onshore,1000.0,1.0,0,0,1,0
Solar_395,395,123.0,1.0,PV,0.0,1.0,0,0,1,0
Solar_395_Cur,395,123.0,-1.0,PV,1000.0,1.0,0,0,1,0
OnShore_395,395,348.0,1.0,Wind Onshore,0.0,1.0,0,0,1,0
OnShore_395_Cur,395,348.0,-1.0,Wind Onshore,1000.0,1.0,0,0,1,0
OffShore_395,395,800.0,1.0,Wind Offshore,0.0,1.0,0,0,1,0
OffShore_395_Cur,395,800.0,-1.0,Wind Offshore,1000.0,1.0,0,0,1,0
OffShore_396,396,512.0,1.0,Wind Offshore,0.0,1.0,0,0,1,0
OffShore_396_Cur,396,512.0,-1.0,Wind Offshore,1000.0,1.0,0,0,1,0
Solar_398,398,16.0,1.0,PV,0.0,1.0,0,0,1,0
Solar_398_Cur,398,16.0,-1.0,PV,1000.0,1.0,0,0,1,0
OnShore_398,398,46.0,1.0,Wind Onshore,0.0,1.0,0,0,1,0
OnShore_398_Cur,398,46.0,-1.0,Wind Onshore,1000.0,1.0,0,0,1,0
Solar_399,399,28.0,1.0,PV,0.0,1.0,0,0,1,0
Solar_399_Cur,399,28.0,-1.0,PV,1000.0,1.0,0,0,1,0
OnShore_399,399,121.0,1.0,Wind Onshore,0.0,1.0,0,0,1,0
OnShore_399_Cur,399,121.0,-1.0,Wind Onshore,1000.0,1.0,0,0,1,0
Solar_400,400,87.0,1.0,PV,0.0,1.0,0,0,1,0
Solar_400_Cur,400,87.0,-1.0,PV,1000.0,1.0,0,0,1,0
OnShore_400,400,219.0,1.0,Wind Onshore,0.0,1.0,0,0,1,0
OnShore_400_Cur,400,219.0,-1.0,Wind Onshore,1000.0,1.0,0,0,1,0
Solar_401,401,11.0,1.0,PV,0.0,1.0,0,0,1,0
Solar_401_Cur,401,11.0,-1.0,PV,1000.0,1.0,0,0,1,0
OnShore_401,401,43.0,1.0,Wind Onshore,0.0,1.0,0,0,1,0
OnShore_401_Cur,401,43.0,-1.0,Wind Onshore,1000.0,1.0,0,0,1,0
Solar_402,402,2.0,1.0,PV,0.0,1.0,0,0,1,0
Solar_402_Cur,402,2.0,-1.0,PV,1000.0,1.0,0,0,1,0
OnShore_402,402,10.0,1.0,Wind Onshore,0.0,1.0,0,0,1,0
OnShore_402_Cur,402,10.0,-1.0,Wind Onshore,1000.0,1.0,0,0,1,0
Solar_404,404,68.0,1.0,PV,0.0,1.0,0,0,1,0
Solar_404_Cur,404,68.0,-1.0,PV,1000.0,1.0,0,0,1,0
OnShore_404,404,601.0,1.0,Wind Onshore,0.0,1.0,0,0,1,0
OnShore_404_Cur,404,601.0,-1.0,Wind Onshore,1000.0,1.0,0,0,1,0
Solar_405,405,247.0,1.0,PV,0.0,1.0,0,0,1,0
Solar_405_Cur,405,247.0,-1.0,PV,1000.0,1.0,0,0,1,0
OnShore_405,405,986.0,1.0,Wind Onshore,0.0,1.0,0,0,1,0
OnShore_405_Cur,405,986.0,-1.0,Wind Onshore,1000.0,1.0,0,0,1,0
Solar_406,406,70.0,1.0,PV,0.0,1.0,0,0,1,0
Solar_406_Cur,406,70.0,-1.0,PV,1000.0,1.0,0,0,1,0
OnShore_406,406,405.0,1.0,Wind Onshore,0.0,1.0,0,0,1,0
OnShore_406_Cur,406,405.0,-1.0,Wind Onshore,1000.0,1.0,0,0,1,0
Solar_408,408,40.0,1.0,PV,0.0,1.0,0,0,1,0
Solar_408_Cur,408,40.0,-1.0,PV,1000.0,1.0,0,0,1,0
OnShore_408,408,521.0,1.0,Wind Onshore,0.0,1.0,0,0,1,0
OnShore_408_Cur,408,521.0,-1.0,Wind Onshore,1000.0,1.0,0,0,1,0
OffShore_408,408,168.0,1.0,Wind Offshore,0.0,1.0,0,0,1,0
OffShore_408_Cur,408,168.0,-1.0,Wind Offshore,1000.0,1.0,0,0,1,0
Solar_409,409,41.0,1.0,PV,0.0,1.0,0,0,1,0
Solar_409_Cur,409,41.0,-1.0,PV,1000.0,1.0,0,0,1,0
OnShore_409,409,361.0,1.0,Wind Onshore,0.0,1.0,0,0,1,0
OnShore_409_Cur,409,361.0,-1.0,Wind Onshore,1000.0,1.0,0,0,1,0
Solar_410,410,51.0,1.0,PV,0.0,1.0,0,0,1,0
Solar_410_Cur,410,51.0,-1.0,PV,1000.0,1.0,0,0,1,0
OnShore_410,410,110.0,1.0,Wind Onshore,0.0,1.0,0,0,1,0
OnShore_410_Cur,410,110.0,-1.0,Wind Onshore,1000.0,1.0,0,0,1,0
Solar_411,411,35.0,1.0,PV,0.0,1.0,0,0,1,0
Solar_411_Cur,411,35.0,-1.0,PV,1000.0,1.0,0,0,1,0
OnShore_411,411,99.0,1.0,Wind Onshore,0.0,1.0,0,0,1,0
OnShore_411_Cur,411,99.0,-1.0,Wind Onshore,1000.0,1.0,0,0,1,0
Solar_412,412,66.0,1.0,PV,0.0,1.0,0,0,1,0
Solar_412_Cur,412,66.0,-1.0,PV,1000.0,1.0,0,0,1,0
OnShore_412,412,82.0,1.0,Wind Onshore,0.0,1.0,0,0,1,0
OnShore_412_Cur,412,82.0,-1.0,Wind Onshore,1000.0,1.0,0,0,1,0
Solar_413,413,29.0,1.0,PV,0.0,1.0,0,0,1,0
Solar_413_Cur,413,29.0,-1.0,PV,1000.0,1.0,0,0,1,0
OnShore_413,413,69.0,1.0,Wind Onshore,0.0,1.0,0,0,1,0
OnShore_413_Cur,413,69.0,-1.0,Wind Onshore,1000.0,1.0,0,0,1,0
Solar_414,414,38.0,1.0,PV,0.0,1.0,0,0,1,0
Solar_414_Cur,414,38.0,-1.0,PV,1000.0,1.0,0,0,1,0
OnShore_414,414,63.0,1.0,Wind Onshore,0.0,1.0,0,0,1,0
OnShore_414_Cur,414,63.0,-1.0,Wind Onshore,1000.0,1.0,0,0,1,0
Solar_415,415,37.0,1.0,PV,0.0,1.0,0,0,1,0
Solar_415_Cur,415,37.0,-1.0,PV,1000.0,1.0,0,0,1,0
OnShore_415,415,26.0,1.0,Wind Onshore,0.0,1.0,0,0,1,0
OnShore_415_Cur,415,26.0,-1.0,Wind Onshore,1000.0,1.0,0,0,1,0
Solar_416,416,228.0,1.0,PV,0.0,1.0,0,0,1,0
Solar_416_Cur,416,228.0,-1.0,PV,1000.0,1.0,0,0,1,0
OnShore_416,416,293.0,1.0,Wind Onshore,0.0,1.0,0,0,1,0
OnShore_416_Cur,416,293.0,-1.0,Wind Onshore,1000.0,1.0,0,0,1,0
Solar_417,417,46.0,1.0,PV,0.0,1.0,0,0,1,0
Solar_417_Cur,417,46.0,-1.0,PV,1000.0,1.0,0,0,1,0
OnShore_417,417,97.0,1.0,Wind Onshore,0.0,1.0,0,0,1,0
OnShore_417_Cur,417,97.0,-1.0,Wind Onshore,1000.0,1.0,0,0,1,0
Solar_418,418,114.0,1.0,PV,0.0,1.0,0,0,1,0
Solar_418_Cur,418,114.0,-1.0,PV,1000.0,1.0,0,0,1,0
OnShore_418,418,210.0,1.0,Wind Onshore,0.0,1.0,0,0,1,0
OnShore_418_Cur,418,210.0,-1.0,Wind Onshore,1000.0,1.0,0,0,1,0
Solar_419,419,211.0,1.0,PV,0.0,1.0,0,0,1,0
Solar_419_Cur,419,211.0,-1.0,PV,1000.0,1.0,0,0,1,0
OnShore_419,419,211.0,1.0,Wind Onshore,0.0,1.0,0,0,1,0
OnShore_419_Cur,419,211.0,-1.0,Wind Onshore,1000.0,1.0,0,0,1,0
Solar_420,420,129.0,1.0,PV,0.0,1.0,0,0,1,0
Solar_420_Cur,420,129.0,-1.0,PV,1000.0,1.0,0,0,1,0
OnShore_420,420,427.0,1.0,Wind Onshore,0.0,1.0,0,0,1,0
OnShore_420_Cur,420,427.0,-1.0,Wind Onshore,1000.0,1.0,0,0,1,0
Solar_421,421,125.0,1.0,PV,0.0,1.0,0,0,1,0
Solar_421_Cur,421,125.0,-1.0,PV,1000.0,1.0,0,0,1,0
OnShore_421,421,113.0,1.0,Wind Onshore,0.0,1.0,0,0,1,0
OnShore_421_Cur,421,113.0,-1.0,Wind Onshore,1000.0,1.0,0,0,1,0
OffShore_421,421,336.0,1.0,Wind Offshore,0.0,1.0,0,0,1,0
OffShore_421_Cur,421,336.0,-1.0,Wind Offshore,1000.0,1.0,0,0,1,0
Solar_422,422,9.0,1.0,PV,0.0,1.0,0,0,1,0
Solar_422_Cur,422,9.0,-1.0,PV,1000.0,1.0,0,0,1,0
OnShore_422,422,10.0,1.0,Wind Onshore,0.0,1.0,0,0,1,0
OnShore_422_Cur,422,10.0,-1.0,Wind Onshore,1000.0,1.0,0,0,1,0
Solar_423,423,47.0,1.0,PV,0.0,1.0,0,0,1,0
Solar_423_Cur,423,47.0,-1.0,PV,1000.0,1.0,0,0,1,0
OnShore_423,423,152.0,1.0,Wind Onshore,0.0,1.0,0,0,1,0
OnShore_423_Cur,423,152.0,-1.0,Wind Onshore,1000.0,1.0,0,0,1,0
Solar_424,424,84.0,1.0,PV,0.0,1.0,0,0,1,0
Solar_424_Cur,424,84.0,-1.0,PV,1000.0,1.0,0,0,1,0
OnShore_424,424,431.0,1.0,Wind Onshore,0.0,1.0,0,0,1,0
OnShore_424_Cur,424,431.0,-1.0,Wind Onshore,1000.0,1.0,0,0,1,0
Solar_427,427,62.0,1.0,PV,0.0,1.0,0,0,1,0
Solar_427_Cur,427,62.0,-1.0,PV,1000.0,1.0,0,0,1,0
OnShore_427,427,153.0,1.0,Wind Onshore,0.0,1.0,0,0,1,0
OnShore_427_Cur,427,153.0,-1.0,Wind Onshore,1000.0,1.0,0,0,1,0
Solar_428,428,12.0,1.0,PV,0.0,1.0,0,0,1,0
Solar_428_Cur,428,12.0,-1.0,PV,1000.0,1.0,0,0,1,0
Solar_430,430,240.0,1.0,PV,0.0,1.0,0,0,1,0
Solar_430_Cur,430,240.0,-1.0,PV,1000.0,1.0,0,0,1,0
OnShore_430,430,1460.0,1.0,Wind Onshore,0.0,1.0,0,0,1,0
OnShore_430_Cur,430,1460.0,-1.0,Wind Onshore,1000.0,1.0,0,0,1,0
Solar_431,431,118.0,1.0,PV,0.0,1.0,0,0,1,0
Solar_431_Cur,431,118.0,-1.0,PV,1000.0,1.0,0,0,1,0
OnShore_431,431,527.0,1.0,Wind Onshore,0.0,1.0,0,0,1,0
OnShore_431_Cur,431,527.0,-1.0,Wind Onshore,1000.0,1.0,0,0,1,0
OffShore_432,432,1447.0,1.0,Wind Offshore,0.0,1.0,0,0,1,0
OffShore_432_Cur,432,1447.0,-1.0,Wind Offshore,1000.0,1.0,0,0,1,0
Solar_433,433,33.0,1.0,PV,0.0,1.0,0,0,1,0
Solar_433_Cur,433,33.0,-1.0,PV,1000.0,1.0,0,0,1,0
OnShore_433,433,48.0,1.0,Wind Onshore,0.0,1.0,0,0,1,0
OnShore_433_Cur,433,48.0,-1.0,Wind Onshore,1000.0,1.0,0,0,1,0
Solar_435,435,56.0,1.0,PV,0.0,1.0,0,0,1,0
Solar_435_Cur,435,56.0,-1.0,PV,1000.0,1.0,0,0,1,0
OnShore_435,435,78.0,1.0,Wind Onshore,0.0,1.0,0,0,1,0
OnShore_435_Cur,435,78.0,-1.0,Wind Onshore,1000.0,1.0,0,0,1,0
Solar_436,436,241.0,1.0,PV,0.0,1.0,0,0,1,0
Solar_436_Cur,436,241.0,-1.0,PV,1000.0,1.0,0,0,1,0
OnShore_436,436,282.0,1.0,Wind Onshore,0.0,1.0,0,0,1,0
OnShore_436_Cur,436,282.0,-1.0,Wind Onshore,1000.0,1.0,0,0,1,0
Solar_437,437,470.0,1.0,PV,0.0,1.0,0,0,1,0
Solar_437_Cur,437,470.0,-1.0,PV,1000.0,1.0,0,0,1,0
OnShore_437,437,2381.0,1.0,Wind Onshore,0.0,1.0,0,0,1,0
OnShore_437_Cur,437,2381.0,-1.0,Wind Onshore,1000.0,1.0,0,0,1,0
Solar_3676,3676,28.0,1.0,PV,0.0,1.0,0,0,1,0
Solar_3676_Cur,3676,28.0,-1.0,PV,1000.0,1.0,0,0,1,0
OnShore_3676,3676,26.0,1.0,Wind Onshore,0.0,1.0,0,0,1,0
OnShore_3676_Cur,3676,26.0,-1.0,Wind Onshore,1000.0,1.0,0,0,1,0
BNA0005,363,37.5,1.0,Natural gas,0.0,0.354,0,0,1,0
BNA0006,363,37.5,1.0,Natural gas,0.0,0.354,0,0,1,0
BNA0007,363,37.5,1.0,Natural gas,0.0,0.354,0,0,1,0
BNA0008,363,37.5,1.0,Natural gas,0.0,0.354,0,0,1,0
BNA0012b,223,20.0,1.0,Natural gas,0.0,0.327,0,0,1,0
BNA0015,46,65.0,1.0,Natural gas,0.0,0.37200000000000005,0,0,1,0
BNA0016,46,50.0,1.0,Natural gas,0.0,0.305,0,0,1,0
BNA0017,46,57.0,1.0,Natural gas,0.0,0.31,0,0,1,0
BNA0018,46,81.0,1.0,Natural gas,0.0,0.315,0,0,1,0
BNA0019,46,336.0,1.0,Hard coal,0.0,0.44,0,0,1,0
BNA0020,46,433.0,1.0,Hard coal,0.0,0.455,0,0,1,0
BNA0025,417,15.1,1.0,Natural gas,0.0,0.377,0,0,1,0
BNA0033,296,28.8,1.0,Natural gas,0.0,0.39,0,0,1,0
BNA0051,373,18.0,1.0,Natural gas,0.0,0.377,0,0,1,0
BNA0059b,226,78.0,1.0,Natural gas,0.0,0.599,0,0,1,0
BNA0067,145,717.0,1.0,Hard coal,0.0,0.37799999999999995,0,0,1,0
BNA0070,364,8.0,1.0,Natural gas,0.0,0.406,0,0,1,0
BNA0071,364,5.0,1.0,Natural gas,0.0,0.37,0,0,1,0
BNA0072,364,7.0,1.0,Natural gas,0.0,0.385,0,0,1,0
BNA0073,369,444.0,1.0,Natural gas,0.0,0.522,0,0,1,0
BNA0074,370,211.0,1.0,Natural gas,0.0,0.38,0,0,1,0
BNA0075,370,144.0,1.0,Natural gas,0.0,0.38299999999999995,0,0,1,0
BNA0076,370,144.0,1.0,Natural gas,0.0,0.38299999999999995,0,0,1,0
BNA0080,370,144.0,1.0,Natural gas,0.0,0.38299999999999995,0,0,1,0
BNA0081,364,164.0,1.0,Lignite,0.0,0.35700000000000004,0,0,1,0
BNA0082,371,124.0,1.0,Hard coal,0.0,0.348,0,0,1,0
BNA0083,370,276.0,1.0,Oil(light),0.0,0.36,0,0,1,0
BNA0084,371,36.0,1.0,Waste,0.0,0.33,0,0,1,0
BNA0085a,370,89.0,1.0,Hard coal,0.0,0.4,0,0,1,0
BNA0085b,370,51.0,1.0,Oil(light),0.0,0.305,0,0,1,0
BNA0086,371,282.0,1.0,Hard coal,0.0,0.39299999999999996,0,0,1,0
BNA0087,371,282.0,1.0,Hard coal,0.0,0.395,0,0,1,0
BNA0088a,373,35.0,1.0,Natural gas,0.0,0.33,0,0,1,0
BNA0088b,373,66.0,1.0,Waste,0.0,0.513,0,0,1,0
BNA0093,244,721.0,1.0,Hard coal,0.0,0.38299999999999995,0,0,1,0
BNA0097,213,34.0,1.0,Waste,0.0,0.33,0,0,1,0
BNA0098,214,23.0,1.0,Natural gas,0.0,0.361,0,0,1,0
BNA0099,211,55.0,1.0,Natural gas,0.0,0.315,0,0,1,0
BNA0100,214,37.5,1.0,Natural gas,0.0,0.563,0,0,1,0
BNA0101,214,41.0,1.0,Natural gas,0.0,0.348,0,0,1,0
BNA0105,337,106.0,1.0,Natural gas,0.0,0.54,0,0,1,0
BNA0110,89,20.7,1.0,Natural gas,0.0,0.389,0,0,1,0
BNA0111,122,44.0,1.0,Natural gas,0.0,0.4,0,0,1,0
BNA0115,344,875.0,1.0,Lignite,0.0,0.4,0,0,1,0
BNA0116,344,875.0,1.0,Lignite,0.0,0.39799999999999996,0,0,1,0
BNA0117a,445,12.0,1.0,Waste,0.0,0.33,0,0,1,0
BNA0117b,445,95.0,1.0,Natural gas,0.0,0.39899999999999997,0,0,1,0
BNA0122,354,465.0,1.0,Lignite,0.0,0.38299999999999995,0,0,1,0
BNA0123,354,465.0,1.0,Lignite,0.0,0.386,0,0,1,0
BNA0124,354,857.0,1.0,Lignite,0.0,0.4,0,0,1,0
BNA0129,358,36.0,1.0,Natural gas,0.0,0.382,0,0,1,0
BNA0130,372,160.0,1.0,Natural gas,0.0,0.513,0,0,1,0
BNA0135,133,20.0,1.0,Natural gas,0.0,0.41,0,0,1,0
BNA0136,133,74.0,1.0,Natural gas,0.0,0.585,0,0,1,0
BNA0137,133,25.0,1.0,Natural gas,0.0,0.289,0,0,1,0
BNA0138,133,43.3,1.0,Hard coal,0.0,0.46799999999999997,0,0,1,0
BNA0139,399,33.0,1.0,Waste,0.0,0.33,0,0,1,0
BNA0141,399,88.0,1.0,Oil(light),0.0,0.312,0,0,1,0
BNA0142,399,160.0,1.0,Other fuels,0.0,0.33,0,0,1,0
BNA0144,401,119.0,1.0,Hard coal,0.0,0.39799999999999996,0,0,1,0
BNA0146,399,300.0,1.0,Hard coal,0.0,0.373,0,0,1,0
BNA0147,402,350.0,1.0,Hard coal,0.0,0.44299999999999995,0,0,1,0
BNA0156b,209,13.5,1.0,Natural gas,0.0,0.37,0,0,1,0
BNA0157,429,1410.0,1.0,Nuclear,0.0,0.33,0,0,1,0
BNA0161,430,63.5,1.0,Oil(light),0.0,0.31,0,0,1,0
BNA0162,430,63.5,1.0,Oil(light),0.0,0.31,0,0,1,0
BNA0163,430,63.5,1.0,Oil(light),0.0,0.31,0,0,1,0
BNA0164,430,63.5,1.0,Oil(light),0.0,0.31,0,0,1,0
BNA0174,315,49.0,1.0,Natural gas,0.0,0.387,0,0,1,0
BNA0177,349,56.8,1.0,Lignite,0.0,0.371,0,0,1,0
BNA0178,349,57.2,1.0,Natural gas,0.0,0.37,0,0,1,0
BNA0179,349,90.8,1.0,Lignite,0.0,0.424,0,0,1,0
BNA0183,357,74.0,1.0,Lignite,0.0,0.39799999999999996,0,0,1,0
BNA0194,337,49.0,1.0,Lignite,0.0,0.39,0,0,1,0
BNA0196,341,67.0,1.0,Lignite,0.0,0.24600000000000002,0,0,1,0
BNA0199,171,586.3,1.0,Natural gas,0.0,0.54,0,0,1,0
BNA0202,121,26.0,1.0,Natural gas,0.0,0.389,0,0,1,0
BNA0203,153,345.0,1.0,Hard coal,0.0,0.353,0,0,1,0
BNA0207,351,263.0,1.0,Natural gas,0.0,0.518,0,0,1,0
BNA0211,14,95.0,1.0,Hard coal,0.0,0.38799999999999996,0,0,1,0
BNA0213,100,40.0,1.0,Natural gas,0.0,0.387,0,0,1,0
BNA0214,100,234.0,1.0,Natural gas,0.0,0.563,0,0,1,0
BNA0216a,142,370.0,1.0,Hard coal,0.0,0.395,0,0,1,0
BNA0216b,142,725.0,1.0,Hard coal,0.0,0.45799999999999996,0,0,1,0
BNA0217,14,60.0,1.0,Other fuels,0.0,0.33,0,0,1,0
BNA0218,14,90.0,1.0,Other fuels,0.0,0.33,0,0,1,0
BNA0219,14,165.0,1.0,Other fuels,0.0,0.33,0,0,1,0
BNA0220,115,100.0,1.0,Natural gas,0.0,0.54,0,0,1,0
BNA0221a,115,64.7,1.0,Natural gas,0.0,0.312,0,0,1,0
BNA0221b,115,66.7,1.0,Natural gas,0.0,0.312,0,0,1,0
BNA0221c,115,293.0,1.0,Natural gas,0.0,0.359,0,0,1,0
BNA0222,117,86.2,1.0,Oil(light),0.0,0.32,0,0,1,0
BNA0223b,117,53.7,1.0,Waste,0.0,0.33,0,0,1,0
BNA0232c,297,4.0,1.0,Natural gas,0.0,0.359,0,0,1,0
BNA0233,345,46.6,1.0,Natural gas,0.0,0.377,0,0,1,0
BNA0237,356,23.5,1.0,Other fuels,0.0,0.33,0,0,1,0
BNA0238a,356,45.0,1.0,Other fuels,0.0,0.33,0,0,1,0
BNA0238b,356,56.0,1.0,Other fuels,0.0,0.33,0,0,1,0
BNA0239,403,321.0,1.0,Natural gas,0.0,0.396,0,0,1,0
BNA0243,81,57.0,1.0,Natural gas,0.0,0.39399999999999996,0,0,1,0
BNA0245a,409,50.0,1.0,Natural gas,0.0,0.355,0,0,1,0
BNA0251,217,1360.0,1.0,Nuclear,0.0,0.33,0,0,1,0
BNA0252,26,283.0,1.0,Hard coal,0.0,0.43,0,0,1,0
BNA0253,26,106.0,1.0,Hard coal,0.0,0.43,0,0,1,0
BNA0255,333,11.0,1.0,Natural gas,0.0,0.381,0,0,1,0
BNA0256a,333,76.5,1.0,Natural gas,0.0,0.54,0,0,1,0
BNA0256b,333,32.6,1.0,Natural gas,0.0,0.603,0,0,1,0
BNA0261a,324,21.6,1.0,Natural gas,0.0,0.563,0,0,1,0
BNA0261b,324,17.4,1.0,Hard coal,0.0,0.375,0,0,1,0
BNA0261c,324,6.7,1.0,Natural gas,0.0,0.603,0,0,1,0
BNA0263,317,1410.0,1.0,Nuclear,0.0,0.33,0,0,1,0
BNA0270,437,27.0,1.0,Hard coal,0.0,0.405,0,0,1,0
BNA0271,437,29.0,1.0,Hard coal,0.0,0.395,0,0,1,0
BNA0272,437,33.0,1.0,Hard coal,0.0,0.38799999999999996,0,0,1,0
BNA0273,437,35.0,1.0,Hard coal,0.0,0.38,0,0,1,0
BNA0274,437,23.0,1.0,Hard coal,0.0,0.37,0,0,1,0
BNA0284,356,45.0,1.0,Lignite,0.0,0.39299999999999996,0,0,1,0
BNA0285,195,70.0,1.0,Natural gas,0.0,0.563,0,0,1,0
BNA0286,195,99.0,1.0,Natural gas,0.0,0.364,0,0,1,0
BNA0287a,195,26.0,1.0,Waste,0.0,0.33,0,0,1,0
BNA0287b,195,46.5,1.0,Waste,0.0,0.33,0,0,1,0
BNA0288,195,56.0,1.0,Natural gas,0.0,0.419,0,0,1,0
BNA0289a,195,19.7,1.0,Other fuels,0.0,0.33,0,0,1,0
BNA0289b,195,61.5,1.0,Hard coal,0.0,0.39799999999999996,0,0,1,0
BNA0290,195,61.5,1.0,Hard coal,0.0,0.39799999999999996,0,0,1,0
BNA0292,168,118.0,1.0,Lignite,0.0,0.371,0,0,1,0
BNA0293,268,60.1,1.0,Natural gas,0.0,0.531,0,0,1,0
BNA0313,113,284.0,1.0,Lignite,0.0,0.376,0,0,1,0
BNA0314,113,278.0,1.0,Lignite,0.0,0.376,0,0,1,0
BNA0318,227,24.8,1.0,Oil(light),0.0,0.397,0,0,1,0
BNA0331,151,345.0,1.0,Hard coal,0.0,0.348,0,0,1,0
BNA0332,151,345.0,1.0,Hard coal,0.0,0.345,0,0,1,0
BNA0336,151,70.0,1.0,Hard coal,0.0,0.38799999999999996,0,0,1,0
BNA0343,339,74.0,1.0,Natural gas,0.0,0.381,0,0,1,0
BNA0354,222,18.8,1.0,Natural gas,0.0,0.38299999999999995,0,0,1,0
BNA0355,231,1275.0,1.0,Nuclear,0.0,0.33,0,0,1,0
BNA0360,417,14.7,1.0,Natural gas,0.0,0.37,0,0,1,0
BNA0361,80,40.0,1.0,Natural gas,0.0,0.389,0,0,1,0
BNA0369,346,17.0,1.0,Oil(light),0.0,0.38,0,0,1,0
BNA0373,143,120.0,1.0,Oil(light),0.0,0.364,0,0,1,0
BNA0374,192,622.0,1.0,Natural gas,0.0,0.36,0,0,1,0
BNA0377,192,510.0,1.0,Hard coal,0.0,0.405,0,0,1,0
BNA0378,313,386.0,1.0,Oil(light),0.0,0.355,0,0,1,0
BNA0379,313,386.0,1.0,Oil(light),0.0,0.35600000000000004,0,0,1,0
BNA0380,358,23.3,1.0,Waste,0.0,0.33,0,0,1,0
BNA0381,294,1284.0,1.0,Nuclear,0.0,0.33,0,0,1,0
BNA0382,294,1288.0,1.0,Nuclear,0.0,0.33,0,0,1,0
BNA0386,211,22.0,1.0,Natural gas,0.0,0.37799999999999995,0,0,1,0
BNA0389,178,230.0,1.0,Natural gas,0.0,0.5579999999999999,0,0,1,0
BNA0392a,143,97.0,1.0,Natural gas,0.0,0.391,0,0,1,0
BNA0392b,143,54.0,1.0,Natural gas,0.0,0.599,0,0,1,0
BNA0395,98,60.0,1.0,Other fuels,0.0,0.33,0,0,1,0
BNA0396,98,100.0,1.0,Other fuels,0.0,0.33,0,0,1,0
BNA0397,85,225.0,1.0,Other fuels,0.0,0.33,0,0,1,0
BNA0398,414,24.0,1.0,Waste,0.0,0.33,0,0,1,0
BNA0400,415,127.0,1.0,Natural gas,0.0,0.581,0,0,1,0
BNA0401,414,22.5,1.0,Natural gas,0.0,0.376,0,0,1,0
BNA0402,415,194.0,1.0,Hard coal,0.0,0.408,0,0,1,0
BNA0403,410,123.0,1.0,Hard coal,0.0,0.408,0,0,1,0
BNA0404,410,137.0,1.0,Hard coal,0.0,0.408,0,0,1,0
BNA0407,217,14.7,1.0,Waste,0.0,0.33,0,0,1,0
BNA0410,65,417.1,1.0,Natural gas,0.0,0.5760000000000001,0,0,1,0
BNA0411,65,420.9,1.0,Natural gas,0.0,0.5760000000000001,0,0,1,0
BNA0413a,36,284.0,1.0,Hard coal,0.0,0.348,0,0,1,0
BNA0413c,36,765.0,1.0,Hard coal,0.0,0.46,0,0,1,0
BNA0417,383,22.5,1.0,Waste,0.0,0.33,0,0,1,0
BNA0418,383,230.0,1.0,Natural gas,0.0,0.599,0,0,1,0
BNA0419,383,102.0,1.0,Natural gas,0.0,0.358,0,0,1,0
BNA0420,385,136.0,1.0,Hard coal,0.0,0.39799999999999996,0,0,1,0
BNA0421,385,136.0,1.0,Hard coal,0.0,0.39799999999999996,0,0,1,0
BNA0427,305,23.2,1.0,Oil(light),0.0,0.33299999999999996,0,0,1,0
BNA0428,305,23.2,1.0,Oil(light),0.0,0.33299999999999996,0,0,1,0
BNA0429,305,23.2,1.0,Oil(light),0.0,0.33299999999999996,0,0,1,0
BNA0430,305,23.2,1.0,Oil(light),0.0,0.33299999999999996,0,0,1,0
BNA0432,255,125.0,1.0,Hard coal,0.0,0.45,0,0,1,0
BNA0433,255,125.0,1.0,Hard coal,0.0,0.45,0,0,1,0
BNA0434,255,778.0,1.0,Hard coal,0.0,0.44799999999999995,0,0,1,0
BNA0438,376,37.5,1.0,Waste,0.0,0.33,0,0,1,0
BNA0439,376,352.0,1.0,Lignite,0.0,0.364,0,0,1,0
BNA0442,177,417.0,1.0,Natural gas,0.0,0.5720000000000001,0,0,1,0
BNA0444,180,109.5,1.0,Natural gas,0.0,0.392,0,0,1,0
BNA0449,92,280.0,1.0,Hard coal,0.0,0.39799999999999996,0,0,1,0
BNA0450,92,449.0,1.0,Hard coal,0.0,0.45799999999999996,0,0,1,0
BNA0464,381,690.0,1.0,Hard coal,0.0,0.433,0,0,1,0
BNA0485,100,303.0,1.0,Other fuels,0.0,0.33,0,0,1,0
BNA0486,100,303.0,1.0,Other fuels,0.0,0.33,0,0,1,0
BNA0490a,168,40.0,1.0,Lignite,0.0,0.38299999999999995,0,0,1,0
BNA0490b,168,45.0,1.0,Lignite,0.0,0.38299999999999995,0,0,1,0
BNA0491,168,52.0,1.0,Lignite,0.0,0.37799999999999995,0,0,1,0
BNA0492,440,33.4,1.0,Other fuels,0.0,0.33,0,0,1,0
BNA0493,440,794.0,1.0,Hard coal,0.0,0.44799999999999995,0,0,1,0
BNA0497,31,96.5,1.0,Natural gas,0.0,0.41100000000000003,0,0,1,0
BNA0498,31,66.0,1.0,Hard coal,0.0,0.491,0,0,1,0
BNA0499,31,86.0,1.0,Natural gas,0.0,0.5539999999999999,0,0,1,0
BNA0504,334,182.0,1.0,Natural gas,0.0,0.522,0,0,1,0
BNA0510a,243,11.6,1.0,Natural gas,0.0,0.373,0,0,1,0
BNA0510b,243,13.4,1.0,Hard coal,0.0,0.415,0,0,1,0
BNA0514,264,353.0,1.0,Natural gas,0.0,0.531,0,0,1,0
BNA0515,263,37.0,1.0,Natural gas,0.0,0.36700000000000005,0,0,1,0
BNA0516,264,45.0,1.0,Oil(light),0.0,0.38,0,0,1,0
BNA0517,264,25.0,1.0,Oil(light),0.0,0.38,0,0,1,0
BNA0518a,264,505.0,1.0,Hard coal,0.0,0.43799999999999994,0,0,1,0
BNA0518b,264,842.0,1.0,Hard coal,0.0,0.46,0,0,1,0
BNA0519,6,38.0,1.0,Waste,0.0,0.33,0,0,1,0
BNA0521,226,50.0,1.0,Natural gas,0.0,0.371,0,0,1,0
BNA0523,226,33.5,1.0,Lignite,0.0,0.371,0,0,1,0
BNA0526,433,323.0,1.0,Hard coal,0.0,0.405,0,0,1,0
BNA0527,433,31.0,1.0,Natural gas,0.0,0.35200000000000004,0,0,1,0
BNA0531,214,201.5,1.0,Natural gas,0.0,0.45,0,0,1,0
BNA0543,104,75.3,1.0,Lignite,0.0,0.424,0,0,1,0
BNA0544,111,35.0,1.0,Natural gas,0.0,0.513,0,0,1,0
BNA0545,109,413.0,1.0,Natural gas,0.0,0.5760000000000001,0,0,1,0
BNA0546,104,108.0,1.0,Natural gas,0.0,0.5579999999999999,0,0,1,0
BNA0547,106,80.0,1.0,Oil(heavy),0.0,0.38,0,0,1,0
BNA0548a,168,800.0,1.0,Natural gas,0.0,0.5670000000000001,0,0,1,0
BNA0548b,168,430.0,1.0,Natural gas,0.0,0.599,0,0,1,0
BNA0556a,88,25.8,1.0,Natural gas,0.0,0.389,0,0,1,0
BNA0556b,8,14.0,1.0,Natural gas,0.0,0.44799999999999995,0,0,1,0
BNA0557a,83,26.0,1.0,Hard coal,0.0,0.318,0,0,1,0
BNA0557b,83,110.0,1.0,Hard coal,0.0,0.353,0,0,1,0
BNA0574a,386,56.0,1.0,Natural gas,0.0,0.355,0,0,1,0
BNA0588,345,167.0,1.0,Natural gas,0.0,0.585,0,0,1,0
BNA0590,143,16.3,1.0,Waste,0.0,0.33,0,0,1,0
BNA0591,143,16.3,1.0,Waste,0.0,0.33,0,0,1,0
BNA0592,143,52.0,1.0,Natural gas,0.0,0.531,0,0,1,0
BNA0593,143,35.0,1.0,Natural gas,0.0,0.513,0,0,1,0
BNA0594,143,35.0,1.0,Natural gas,0.0,0.513,0,0,1,0
BNA0595,143,37.0,1.0,Natural gas,0.0,0.513,0,0,1,0
BNA0596,143,92.5,1.0,Oil(heavy),0.0,0.38,0,0,1,0
BNA0597,143,8.7,1.0,Other fuels,0.0,0.33,0,0,1,0
BNA0598a,373,14.0,1.0,Other fuels,0.0,0.33,0,0,1,0
BNA0598b,143,20.0,1.0,Other fuels,0.0,0.33,0,0,1,0
BNA0599,110,6.0,1.0,Waste,0.0,0.33,0,0,1,0
BNA0600a,110,27.0,1.0,Natural gas,0.0,0.364,0,0,1,0
BNA0600b,83,103.0,1.0,Hard coal,0.0,0.33,0,0,1,0
BNA0602,392,116.0,1.0,Natural gas,0.0,0.59,0,0,1,0
BNA0603,392,116.0,1.0,Natural gas,0.0,0.59,0,0,1,0
BNA0604,392,359.0,1.0,Natural gas,0.0,0.419,0,0,1,0
BNA0605,392,359.0,1.0,Natural gas,0.0,0.423,0,0,1,0
BNA0606,392,887.0,1.0,Natural gas,0.0,0.585,0,0,1,0
BNA0607,392,1336.0,1.0,Nuclear,0.0,0.33,0,0,1,0
BNA0614a,250,43.0,1.0,Natural gas,0.0,0.359,0,0,1,0
BNA0614b,250,490.0,1.0,Natural gas,0.0,0.563,0,0,1,0
BNA0615,250,390.0,1.0,Natural gas,0.0,0.527,0,0,1,0
BNA0616a,131,12.0,1.0,Waste,0.0,0.33,0,0,1,0
BNA0616b,252,56.0,1.0,Other fuels,0.0,0.33,0,0,1,0
BNA0618,91,149.0,1.0,Hard coal,0.0,0.415,0,0,1,0
BNA0619,91,324.0,1.0,Hard coal,0.0,0.418,0,0,1,0
BNA0622,375,29.2,1.0,Waste,0.0,0.33,0,0,1,0
BNA0623,375,29.2,1.0,Waste,0.0,0.33,0,0,1,0
BNA0626,200,434.2,1.0,Natural gas,0.0,0.545,0,0,1,0
BNA0627,200,335.0,1.0,Natural gas,0.0,0.43700000000000006,0,0,1,0
BNA0640,250,8.7,1.0,Waste,0.0,0.33,0,0,1,0
BNA0641a,250,22.1,1.0,Waste,0.0,0.33,0,0,1,0
BNA0641b,250,8.1,1.0,Waste,0.0,0.33,0,0,1,0
BNA0641c,250,5.8,1.0,Waste,0.0,0.33,0,0,1,0
BNA0643,252,202.5,1.0,Hard coal,0.0,0.35,0,0,1,0
BNA0644,252,255.0,1.0,Hard coal,0.0,0.43799999999999994,0,0,1,0
BNA0645,34,425.0,1.0,Hard coal,0.0,0.38,0,0,1,0
BNA0646a,252,435.0,1.0,Hard coal,0.0,0.408,0,0,1,0
BNA0646b,34,843.0,1.0,Hard coal,0.0,0.46299999999999997,0,0,1,0
BNA0647,270,77.4,1.0,Oil(light),0.0,0.305,0,0,1,0
BNA0648,270,85.0,1.0,Oil(light),0.0,0.38,0,0,1,0
BNA0649,270,262.0,1.0,Oil(light),0.0,0.38,0,0,1,0
BNA0658,148,61.1,1.0,Natural gas,0.0,0.5539999999999999,0,0,1,0
BNA0659,148,77.6,1.0,Natural gas,0.0,0.5539999999999999,0,0,1,0
BNA0660,148,55.3,1.0,Hard coal,0.0,0.353,0,0,1,0
BNA0661,148,60.4,1.0,Hard coal,0.0,0.34,0,0,1,0
BNA0662a,148,60.2,1.0,Hard coal,0.0,0.38299999999999995,0,0,1,0
BNA0662b,148,120.0,1.0,Hard coal,0.0,0.273,0,0,1,0
BNA0680,341,60.0,1.0,Lignite,0.0,0.32299999999999995,0,0,1,0
BNA0681,308,78.6,1.0,Natural gas,0.0,0.315,0,0,1,0
BNA0682,308,78.6,1.0,Natural gas,0.0,0.315,0,0,1,0
BNA0683a,308,79.7,1.0,Natural gas,0.0,0.45,0,0,1,0
BNA0683b,308,97.9,1.0,Natural gas,0.0,0.45,0,0,1,0
BNA0683c,308,97.9,1.0,Natural gas,0.0,0.45,0,0,1,0
BNA0684a,308,124.9,1.0,Natural gas,0.0,0.5579999999999999,0,0,1,0
BNA0684b,308,123.9,1.0,Natural gas,0.0,0.5579999999999999,0,0,1,0
BNA0684c,308,127.6,1.0,Natural gas,0.0,0.5579999999999999,0,0,1,0
BNA0685,35,100.2,1.0,Natural gas,0.0,0.563,0,0,1,0
BNA0686,257,1310.0,1.0,Nuclear,0.0,0.33,0,0,1,0
BNA0688,137,75.0,1.0,Natural gas,0.0,0.527,0,0,1,0
BNA0693,434,53.6,1.0,Other fuels,0.0,0.33,0,0,1,0
BNA0696,164,277.0,1.0,Lignite,0.0,0.33299999999999996,0,0,1,0
BNA0697,164,288.0,1.0,Lignite,0.0,0.33299999999999996,0,0,1,0
BNA0698,164,292.0,1.0,Lignite,0.0,0.335,0,0,1,0
BNA0699,164,607.0,1.0,Lignite,0.0,0.34,0,0,1,0
BNA0700,164,604.0,1.0,Lignite,0.0,0.342,0,0,1,0
BNA0702,314,25.4,1.0,Natural gas,0.0,0.381,0,0,1,0
BNA0705,165,297.0,1.0,Lignite,0.0,0.32299999999999995,0,0,1,0
BNA0706,165,299.0,1.0,Lignite,0.0,0.33,0,0,1,0
BNA0707,165,648.0,1.0,Lignite,0.0,0.42200000000000004,0,0,1,0
BNA0708,165,653.0,1.0,Lignite,0.0,0.419,0,0,1,0
BNA0709,165,944.0,1.0,Lignite,0.0,0.405,0,0,1,0
BNA0712,165,294.0,1.0,Lignite,0.0,0.316,0,0,1,0
BNA0713,165,295.0,1.0,Lignite,0.0,0.32799999999999996,0,0,1,0
BNA0714,165,15.0,1.0,Lignite,0.0,0.36200000000000004,0,0,1,0
BNA0734,365,37.5,1.0,Natural gas,0.0,0.35100000000000003,0,0,1,0
BNA0735,365,37.5,1.0,Natural gas,0.0,0.35100000000000003,0,0,1,0
BNA0736,365,37.5,1.0,Natural gas,0.0,0.35100000000000003,0,0,1,0
BNA0737,365,37.5,1.0,Natural gas,0.0,0.35100000000000003,0,0,1,0
BNA0738,365,36.5,1.0,Natural gas,0.0,0.34600000000000003,0,0,1,0
BNA0739,365,36.5,1.0,Natural gas,0.0,0.34600000000000003,0,0,1,0
BNA0740,365,36.5,1.0,Natural gas,0.0,0.34600000000000003,0,0,1,0
BNA0741,365,36.5,1.0,Natural gas,0.0,0.34600000000000003,0,0,1,0
BNA0742,324,75.0,1.0,Natural gas,0.0,0.563,0,0,1,0
BNA0743,324,75.0,1.0,Natural gas,0.0,0.563,0,0,1,0
BNA0744,324,383.0,1.0,Natural gas,0.0,0.419,0,0,1,0
BNA0745,324,440.0,1.0,Natural gas,0.0,0.43200000000000005,0,0,1,0
BNA0746,324,18.0,1.0,Waste,0.0,0.33,0,0,1,0
BNA0750,96,40.4,1.0,Waste,0.0,0.33,0,0,1,0
BNA0751,96,21.1,1.0,Waste,0.0,0.33,0,0,1,0
BNA0752,84,23.1,1.0,Natural gas,0.0,0.354,0,0,1,0
BNA0753,84,24.5,1.0,Natural gas,0.0,0.38,0,0,1,0
BNA0755a,128,36.0,1.0,Natural gas,0.0,0.18,0,0,1,0
BNA0755b,128,64.0,1.0,Natural gas,0.0,0.518,0,0,1,0
BNA0758,72,54.0,1.0,Hard coal,0.0,0.4,0,0,1,0
BNA0759,431,88.0,1.0,Oil(light),0.0,0.354,0,0,1,0
BNA0766,436,87.0,1.0,Oil(light),0.0,0.355,0,0,1,0
BNA0785,357,465.0,1.0,Lignite,0.0,0.39,0,0,1,0
BNA0786,357,465.0,1.0,Lignite,0.0,0.39,0,0,1,0
BNA0787,357,465.0,1.0,Lignite,0.0,0.39,0,0,1,0
BNA0788,357,465.0,1.0,Lignite,0.0,0.39,0,0,1,0
BNA0789,357,465.0,1.0,Lignite,0.0,0.39,0,0,1,0
BNA0790,357,465.0,1.0,Lignite,0.0,0.39,0,0,1,0
BNA0793,60,875.0,1.0,Hard coal,0.0,0.39299999999999996,0,0,1,0
BNA0799,265,11.3,1.0,Natural gas,0.0,0.35100000000000003,0,0,1,0
BNA0800,265,41.2,1.0,Natural gas,0.0,0.45,0,0,1,0
BNA0801,265,26.9,1.0,Hard coal,0.0,0.4,0,0,1,0
BNA0802,261,1402.0,1.0,Nuclear,0.0,0.33,0,0,1,0
BNA0804a,180,35.0,1.0,Natural gas,0.0,0.34299999999999997,0,0,1,0
BNA0804b,180,17.3,1.0,Natural gas,0.0,0.39899999999999997,0,0,1,0
BNA0805,129,97.9,1.0,Natural gas,0.0,0.585,0,0,1,0
BNA0810,203,65.0,1.0,Natural gas,0.0,0.312,0,0,1,0
BNA0813,203,303.0,1.0,Hard coal,0.0,0.35,0,0,1,0
BNA0814,371,81.8,1.0,Natural gas,0.0,0.381,0,0,1,0
BNA0820,238,655.6,1.0,Hard coal,0.0,0.365,0,0,1,0
BNA0832,277,9.8,1.0,Natural gas,0.0,0.457,0,0,1,0
BNA0834,95,79.0,1.0,Natural gas,0.0,0.315,0,0,1,0
BNA0842a,305,9.8,1.0,Natural gas,0.0,0.457,0,0,1,0
BNA0842b,305,9.2,1.0,Natural gas,0.0,0.46,0,0,1,0
BNA0843,305,4.3,1.0,Natural gas,0.0,0.45899999999999996,0,0,1,0
BNA0845,305,9.0,1.0,Waste,0.0,0.33,0,0,1,0
BNA0848,422,108.0,1.0,Natural gas,0.0,0.522,0,0,1,0
BNA0849,422,514.0,1.0,Hard coal,0.0,0.41,0,0,1,0
BNA0855,362,30.0,1.0,Waste,0.0,0.33,0,0,1,0
BNA0856,331,26.5,1.0,Natural gas,0.0,0.39399999999999996,0,0,1,0
BNA0857,200,112.1,1.0,Natural gas,0.0,0.536,0,0,1,0
BNA0861a,238,75.0,1.0,Natural gas,0.0,0.594,0,0,1,0
BNA0861b,238,50.0,1.0,Hard coal,0.0,0.43799999999999994,0,0,1,0
BNA0863,377,94.5,1.0,Other fuels,0.0,0.33,0,0,1,0
BNA0864,377,97.0,1.0,Other fuels,0.0,0.33,0,0,1,0
BNA0865b,377,97.0,1.0,Other fuels,0.0,0.33,0,0,1,0
BNA0878,143,450.0,1.0,Lignite,0.0,0.39,0,0,1,0
BNA0879,143,450.0,1.0,Lignite,0.0,0.39,0,0,1,0
BNA0893,358,122.0,1.0,Natural gas,0.0,0.513,0,0,1,0
BNA0894a,360,28.0,1.0,Oil(heavy),0.0,0.354,0,0,1,0
BNA0894b,360,34.5,1.0,Oil(heavy),0.0,0.37799999999999995,0,0,1,0
BNA0894c,360,106.0,1.0,Oil(heavy),0.0,0.38299999999999995,0,0,1,0
BNA0894d,360,106.0,1.0,Oil(heavy),0.0,0.38299999999999995,0,0,1,0
BNA0894e,360,59.0,1.0,Oil(heavy),0.0,0.397,0,0,1,0
BNA0895,230,24.4,1.0,Waste,0.0,0.33,0,0,1,0
BNA0896,416,44.9,1.0,Natural gas,0.0,0.37799999999999995,0,0,1,0
BNA0897,416,23.0,1.0,Natural gas,0.0,0.37799999999999995,0,0,1,0
BNA0914,355,750.0,1.0,Lignite,0.0,0.39299999999999996,0,0,1,0
BNA0915,355,750.0,1.0,Lignite,0.0,0.395,0,0,1,0
BNA0918a,64,190.0,1.0,Natural gas,0.0,0.354,0,0,1,0
BNA0918b,64,173.0,1.0,Natural gas,0.0,0.603,0,0,1,0
BNA0922,373,132.0,1.0,Natural gas,0.0,0.522,0,0,1,0
BNA0926b,128,24.8,1.0,Hard coal,0.0,0.348,0,0,1,0
BNA0934,273,22.6,1.0,Hard coal,0.0,0.44799999999999995,0,0,1,0
BNA0935,273,45.0,1.0,Hard coal,0.0,0.38,0,0,1,0
BNA0936,273,45.0,1.0,Hard coal,0.0,0.385,0,0,1,0
BNA0937,273,23.3,1.0,Oil(light),0.0,0.312,0,0,1,0
BNA0938,273,23.3,1.0,Oil(light),0.0,0.312,0,0,1,0
BNA0939a,273,19.5,1.0,Waste,0.0,0.33,0,0,1,0
BNA0939b,273,23.3,1.0,Oil(light),0.0,0.312,0,0,1,0
BNA0957,276,13.4,1.0,Natural gas,0.0,0.385,0,0,1,0
BNA0969a,308,18.0,1.0,Waste,0.0,0.33,0,0,1,0
BNA0969b,308,332.7,1.0,Hard coal,0.0,0.40299999999999997,0,0,1,0
BNA0969c,308,22.0,1.0,Waste,0.0,0.33,0,0,1,0
BNA0989,86,318.0,1.0,Hard coal,0.0,0.353,0,0,1,0
BNA0990,86,322.0,1.0,Hard coal,0.0,0.353,0,0,1,0
BNA0991,86,695.0,1.0,Hard coal,0.0,0.43799999999999994,0,0,1,0
BNA0992,86,695.0,1.0,Hard coal,0.0,0.43799999999999994,0,0,1,0
BNA0993,312,415.0,1.0,Natural gas,0.0,0.35600000000000004,0,0,1,0
BNA0994,312,846.0,1.0,Natural gas,0.0,0.585,0,0,1,0
BNA0995,312,545.0,1.0,Natural gas,0.0,0.59,0,0,1,0
BNA0997,26,42.0,1.0,Other fuels,0.0,0.446,0,0,1,0
BNA0998,26,179.0,1.0,Hard coal,0.0,0.38,0,0,1,0
BNA0999,26,211.0,1.0,Hard coal,0.0,0.39799999999999996,0,0,1,0
BNA1002,341,31.0,1.0,Lignite,0.0,0.386,0,0,1,0
BNA1004,270,136.0,1.0,Oil(light),0.0,0.331,0,0,1,0
BNA1005,270,96.0,1.0,Hard coal,0.0,0.45299999999999996,0,0,1,0
BNA1006,270,148.0,1.0,Hard coal,0.0,0.45299999999999996,0,0,1,0
BNA1007a,302,24.0,1.0,Oil(light),0.0,0.349,0,0,1,0
BNA1007b,302,10.5,1.0,Oil(light),0.0,0.361,0,0,1,0
BNA1015,410,50.5,1.0,Oil(light),0.0,0.307,0,0,1,0
BNA1016,410,50.5,1.0,Oil(light),0.0,0.307,0,0,1,0
BNA1020,169,24.0,1.0,Waste,0.0,0.33,0,0,1,0
BNA1025,169,312.0,1.0,Lignite,0.0,0.316,0,0,1,0
BNA1026,169,304.0,1.0,Lignite,0.0,0.321,0,0,1,0
BNA1027,169,592.0,1.0,Lignite,0.0,0.33799999999999997,0,0,1,0
BNA1028,169,592.0,1.0,Lignite,0.0,0.34,0,0,1,0
BNA1037,3676,310.0,1.0,Hard coal,0.0,0.38,0,0,1,0
BNA1039,145,55.0,1.0,Natural gas,0.0,0.419,0,0,1,0
BNA1040,145,55.0,1.0,Natural gas,0.0,0.419,0,0,1,0
BNA1041,145,55.0,1.0,Natural gas,0.0,0.31,0,0,1,0
BNA1042,145,55.0,1.0,Natural gas,0.0,0.31,0,0,1,0
BNA1046a,145,607.5,1.0,Hard coal,0.0,0.385,0,0,1,0
BNA1046b,145,112.0,1.0,Natural gas,0.0,0.33799999999999997,0,0,1,0
BNA1056,200,25.0,1.0,Natural gas,0.0,0.392,0,0,1,0
BNA1060,407,56.0,1.0,Oil(light),0.0,0.31,0,0,1,0
BNA1061,407,757.0,1.0,Hard coal,0.0,0.365,0,0,1,0
BNA1074,337,40.0,1.0,Natural gas,0.0,0.382,0,0,1,0
BNA1075a,226,61.5,1.0,Hard coal,0.0,0.425,0,0,1,0
BNA1075b,56,61.5,1.0,Hard coal,0.0,0.425,0,0,1,0
BNA1076a,226,138.5,1.0,Hard coal,0.0,0.38799999999999996,0,0,1,0
BNA1076b,226,138.5,1.0,Hard coal,0.0,0.38799999999999996,0,0,1,0
BNA1078,32,59.0,1.0,Natural gas,0.0,0.39399999999999996,0,0,1,0
BNA1082,174,82.0,1.0,Natural gas,0.0,0.563,0,0,1,0
BNA1083,174,60.0,1.0,Oil(light),0.0,0.38,0,0,1,0
BNA1084,119,85.0,1.0,Hard coal,0.0,0.39799999999999996,0,0,1,0
BNA1085,232,23.0,1.0,Natural gas,0.0,0.41,0,0,1,0
BNA1086,232,25.0,1.0,Natural gas,0.0,0.509,0,0,1,0
BNA1087,232,29.5,1.0,Natural gas,0.0,0.581,0,0,1,0
BNA1088,232,44.5,1.0,Natural gas,0.0,0.563,0,0,1,0
BNA1089,375,52.0,1.0,Natural gas,0.0,0.381,0,0,1,0
BNA1092,311,46.0,1.0,Oil(light),0.0,0.318,0,0,1,0
BNA1093,311,472.0,1.0,Hard coal,0.0,0.45299999999999996,0,0,1,0
BNA1094,69,15.1,1.0,Natural gas,0.0,0.348,0,0,1,0
BNA1097,69,14.4,1.0,Lignite,0.0,0.424,0,0,1,0
BNA1103,296,29.0,1.0,Natural gas,0.0,0.348,0,0,1,0
BNA1104,296,18.0,1.0,Natural gas,0.0,0.359,0,0,1,0
BNA1105,228,9.7,1.0,Natural gas,0.0,0.37799999999999995,0,0,1,0
BNA1108,337,9.9,1.0,Waste,0.0,0.33,0,0,1,0
BNA1110,272,9.5,1.0,Waste,0.0,0.33,0,0,1,0
BNA1114,401,44.0,1.0,Waste,0.0,0.33,0,0,1,0
BNA1115,67,85.0,1.0,Other fuels,0.0,0.33,0,0,1,0
BNA1116,404,14.0,1.0,Waste,0.0,0.33,0,0,1,0
BNA1117,128,11.4,1.0,Natural gas,0.0,0.384,0,0,1,0
BNA1119,315,12.5,1.0,Waste,0.0,0.33,0,0,1,0
BNA1120,154,10.2,1.0,Natural gas,0.0,0.35700000000000004,0,0,1,0
BNA1121,154,0.9,1.0,Natural gas,0.0,0.391,0,0,1,0
BNA1125,199,10.0,1.0,Natural gas,0.0,0.377,0,0,1,0
BNA1127,317,6.7,1.0,Natural gas,0.0,0.375,0,0,1,0
BNA1128,317,6.7,1.0,Natural gas,0.0,0.375,0,0,1,0
BNA1131,170,14.0,1.0,Natural gas,0.0,0.397,0,0,1,0
BNA1138,118,10.2,1.0,Natural gas,0.0,0.385,0,0,1,0
BNA1139,268,13.6,1.0,Waste,0.0,0.33,0,0,1,0
BNA1141,71,14.5,1.0,Lignite,0.0,0.431,0,0,1,0
BNA1144,274,11.0,1.0,Waste,0.0,0.33,0,0,1,0
BNA1148,145,14.6,1.0,Waste,0.0,0.33,0,0,1,0
BNA1151,58,13.5,1.0,Natural gas,0.0,0.387,0,0,1,0
BNA1154,92,12.5,1.0,Waste,0.0,0.33,0,0,1,0
BNA1155,92,17.1,1.0,Waste,0.0,0.33,0,0,1,0
BNA1161,313,25.5,1.0,Waste,0.0,0.33,0,0,1,0
BNA1164,170,24.6,1.0,Lignite,0.0,0.41,0,0,1,0
BNA1165,147,11.4,1.0,Natural gas,0.0,0.389,0,0,1,0
BNA1166,95,4.8,1.0,Oil(light),0.0,0.382,0,0,1,0
BNA1167,95,16.0,1.0,Waste,0.0,0.33,0,0,1,0
BNA1168,226,14.7,1.0,Waste,0.0,0.33,0,0,1,0
BNA1182,104,15.5,1.0,Natural gas,0.0,0.34700000000000003,0,0,1,0
BNA1183,108,15.8,1.0,Natural gas,0.0,0.545,0,0,1,0
BNA1184,104,45.1,1.0,Waste,0.0,0.33,0,0,1,0
BNA1185,373,20.3,1.0,Lignite,0.0,0.38299999999999995,0,0,1,0
BNA1186a,83,13.5,1.0,Waste,0.0,0.33,0,0,1,0
BNA1186b,83,13.8,1.0,Waste,0.0,0.33,0,0,1,0
BNA1186c,83,1.5,1.0,Waste,0.0,0.33,0,0,1,0
BNA1186d,83,2.8,1.0,Waste,0.0,0.33,0,0,1,0
BNA1186e,83,1.5,1.0,Waste,0.0,0.33,0,0,1,0
BNA1187,216,10.2,1.0,Natural gas,0.0,0.363,0,0,1,0
BNA1190,352,15.7,1.0,Waste,0.0,0.33,0,0,1,0
BNA1193,216,12.8,1.0,Natural gas,0.0,0.387,0,0,1,0
BNA1196a,252,12.5,1.0,Natural gas,0.0,0.39399999999999996,0,0,1,0
BNA1196b,252,12.0,1.0,Natural gas,0.0,0.5539999999999999,0,0,1,0
BNA1197,250,28.0,1.0,Waste,0.0,0.33,0,0,1,0
BNA1198,341,25.4,1.0,Waste,0.0,0.33,0,0,1,0
BNA1199,200,15.6,1.0,Waste,0.0,0.33,0,0,1,0
BNA1200,250,17.2,1.0,Natural gas,0.0,0.563,0,0,1,0
BNA1212,49,11.4,1.0,Oil(light),0.0,0.37200000000000005,0,0,1,0
BNA1222,196,10.4,1.0,Waste,0.0,0.33,0,0,1,0
BNA1225,303,5.3,1.0,Natural gas,0.0,0.373,0,0,1,0
BNA1226,303,5.3,1.0,Natural gas,0.0,0.371,0,0,1,0
BNA1227,49,11.4,1.0,Oil(light),0.0,0.366,0,0,1,0
BNA1229,245,15.0,1.0,Waste,0.0,0.33,0,0,1,0
BNA1232,372,2.5,1.0,Waste,0.0,0.33,0,0,1,0
BNA1233,372,14.5,1.0,Waste,0.0,0.33,0,0,1,0
BNA1238,305,12.6,1.0,Natural gas,0.0,0.385,0,0,1,0
BNA1243,422,17.0,1.0,Waste,0.0,0.33,0,0,1,0
BNA1244,26,15.8,1.0,Waste,0.0,0.33,0,0,1,0
BNA1248a,49,82.0,1.0,Natural gas,0.0,0.35100000000000003,0,0,1,0
BNA1248b,49,65.0,1.0,Natural gas,0.0,0.402,0,0,1,0
BNA1249,49,6.0,1.0,Other fuels,0.0,0.33,0,0,1,0
BNA1254,321,54.0,1.0,Waste,0.0,0.33,0,0,1,0
BNA1255,360,28.9,1.0,Waste,0.0,0.33,0,0,1,0
BNA1260,272,95.0,1.0,Natural gas,0.0,0.39899999999999997,0,0,1,0
BNA1261,415,16.4,1.0,Waste,0.0,0.33,0,0,1,0
BNA1262,373,24.0,1.0,Waste,0.0,0.33,0,0,1,0
BNA1264,330,13.5,1.0,Natural gas,0.0,0.38,0,0,1,0
BNA1271,180,33.6,1.0,Natural gas,0.0,0.34700000000000003,0,0,1,0
BNA1279,106,51.9,1.0,Natural gas,0.0,0.428,0,0,1,0
BNA1280,106,66.3,1.0,Oil(light),0.0,0.38,0,0,1,0
BNA1284,249,11.5,1.0,Natural gas,0.0,0.375,0,0,1,0
BNA1285,385,19.0,1.0,Natural gas,0.0,0.35600000000000004,0,0,1,0
BNA1286,330,11.2,1.0,Waste,0.0,0.33,0,0,1,0
BNA1289,62,12.6,1.0,Waste,0.0,0.33,0,0,1,0
BNA1291,68,12.5,1.0,Waste,0.0,0.33,0,0,1,0
BNA1292a,292,11.1,1.0,Natural gas,0.0,0.366,0,0,1,0
BNA1292b,292,15.4,1.0,Natural gas,0.0,0.385,0,0,1,0
BNA1293b,165,10.0,1.0,Lignite,0.0,0.38799999999999996,0,0,1,0
BNA1294,414,38.0,1.0,Oil(light),0.0,0.377,0,0,1,0
BNA1295,296,10.0,1.0,Waste,0.0,0.33,0,0,1,0
BNA1315,268,27.0,1.0,Natural gas,0.0,0.386,0,0,1,0
BNA1316,119,30.0,1.0,Waste,0.0,0.33,0,0,1,0
BNA1327a,311,11.1,1.0,Natural gas,0.0,0.376,0,0,1,0
BNA1327b,311,7.4,1.0,Natural gas,0.0,0.38799999999999996,0,0,1,0
BNA1328,305,24.0,1.0,Natural gas,0.0,0.386,0,0,1,0
BNA1329,349,12.8,1.0,Natural gas,0.0,0.509,0,0,1,0
BNA1330,429,17.0,1.0,Waste,0.0,0.33,0,0,1,0
BNA1331,210,19.0,1.0,Hard coal,0.0,0.315,0,0,1,0
BNA1332,159,24.0,1.0,Natural gas,0.0,0.38,0,0,1,0
BNA1333a,272,12.2,1.0,Natural gas,0.0,0.37200000000000005,0,0,1,0
BNA1333b,272,11.3,1.0,Natural gas,0.0,0.35100000000000003,0,0,1,0
BNA1333c,272,11.6,1.0,Natural gas,0.0,0.35,0,0,1,0
BNA1334,399,14.8,1.0,Natural gas,0.0,0.5489999999999999,0,0,1,0
BNA1335a,405,58.1,1.0,Natural gas,0.0,0.373,0,0,1,0
BNA1335b,405,0.5,1.0,Natural gas,0.0,0.35,0,0,1,0
BNA1336,116,84.0,1.0,Natural gas,0.0,0.32799999999999996,0,0,1,0
BNA1337d,128,0.5,1.0,Oil(light),0.0,0.375,0,0,1,0
BNA1337e,128,47.0,1.0,Natural gas,0.0,0.599,0,0,1,0
BNA1338,129,19.0,1.0,Oil(light),0.0,0.361,0,0,1,0
BNA1396,351,34.3,1.0,Natural gas,0.0,0.38299999999999995,0,0,1,0
BNA1397a,171,15.5,1.0,Other fuels,0.0,0.33,0,0,1,0
BNA1397b,171,19.2,1.0,Other fuels,0.0,0.33,0,0,1,0
BNA1397c,171,15.5,1.0,Other fuels,0.0,0.33,0,0,1,0
BNA1397d,171,10.4,1.0,Other fuels,0.0,0.33,0,0,1,0
BNA1397e,171,33.6,1.0,Other fuels,0.0,0.33,0,0,1,0
BNA1399,96,38.0,1.0,Other fuels,0.0,0.33,0,0,1,0
BNA1400a,341,18.5,1.0,Lignite,0.0,0.38299999999999995,0,0,1,0
BNA1400b,341,18.5,1.0,Oil(light),0.0,0.377,0,0,1,0
BNA1401a,164,1050.0,1.0,Lignite,0.0,0.429,0,0,1,0
BNA1401b,164,1050.0,1.0,Lignite,0.0,0.429,0,0,1,0
BNA1402,57,18.1,1.0,Natural gas,0.0,0.38,0,0,1,0
BNA1403,56,11.4,1.0,Natural gas,0.0,0.38,0,0,1,0
BNA1404,354,640.0,1.0,Lignite,0.0,0.429,0,0,1,0
BNA1405a,297,20.7,1.0,Hard coal,0.0,0.37,0,0,1,0
BNA1406,161,18.9,1.0,Natural gas,0.0,0.376,0,0,1,0
BNA1407,349,13.5,1.0,Natural gas,0.0,0.39299999999999996,0,0,1,0
BNA1408,80,16.0,1.0,Natural gas,0.0,0.363,0,0,1,0
BNA1409,99,21.0,1.0,Other fuels,0.0,0.33,0,0,1,0
BNA1437,64,30.7,1.0,Natural gas,0.0,0.41100000000000003,0,0,1,0
BNA1444a,323,4.2,1.0,Natural gas,0.0,0.36200000000000004,0,0,1,0
BNA1444b,323,4.2,1.0,Natural gas,0.0,0.36200000000000004,0,0,1,0
BNA1444c,323,5.1,1.0,Natural gas,0.0,0.364,0,0,1,0
BNA1444d,323,5.1,1.0,Natural gas,0.0,0.36700000000000005,0,0,1,0
BNA1447a,249,11.9,1.0,Waste,0.0,0.33,0,0,1,0
BNA1447b,249,6.9,1.0,Waste,0.0,0.33,0,0,1,0
BNA1448,244,11.6,1.0,Waste,0.0,0.33,0,0,1,0
BNA1449a,232,8.7,1.0,Waste,0.0,0.33,0,0,1,0
BNA1449b,232,12.0,1.0,Waste,0.0,0.33,0,0,1,0
BNA1450,380,13.0,1.0,Natural gas,0.0,0.54,0,0,1,0
BNA1451,14,27.5,1.0,Lignite,0.0,0.309,0,0,1,0
BNA1458,243,28.0,1.0,Other fuels,0.0,0.358,0,0,1,0
BNA1461,341,17.5,1.0,Lignite,0.0,0.41200000000000003,0,0,1,0
BNA1463,335,19.5,1.0,Natural gas,0.0,0.361,0,0,1,0
BNA1464,238,38.6,1.0,Natural gas,0.0,0.39799999999999996,0,0,1,0
BNA1465a,222,28.0,1.0,Other fuels,0.0,0.33,0,0,1,0
BNA1465b,222,13.2,1.0,Natural gas,0.0,0.358,0,0,1,0
BNA1467,267,18.5,1.0,Hard coal,0.0,0.39,0,0,1,0
BNA1486,338,49.0,1.0,Lignite,0.0,0.35,0,0,1,0
BNA1487,199,94.6,1.0,Natural gas,0.0,0.599,0,0,1,0
BNA1488,121,16.0,1.0,Other fuels,0.0,0.33,0,0,1,0
BNA1489,130,22.0,1.0,Natural gas,0.0,0.37799999999999995,0,0,1,0
BNA1490,168,33.4,1.0,Waste,0.0,0.33,0,0,1,0
BNA1492a,227,26.2,1.0,Natural gas,0.0,0.374,0,0,1,0
BNA1492b,227,8.0,1.0,Natural gas,0.0,0.39799999999999996,0,0,1,0
BNA1498,384,30.6,1.0,Natural gas,0.0,0.33299999999999996,0,0,1,0
BNA1499,381,15.8,1.0,Natural gas,0.0,0.385,0,0,1,0
BNA1500,389,40.0,1.0,Hard coal,0.0,0.4,0,0,1,0
BNA1502,444,12.6,1.0,Natural gas,0.0,0.39899999999999997,0,0,1,0
BNA1503,114,16.9,1.0,Natural gas,0.0,0.39799999999999996,0,0,1,0
BNA1504,32,13.0,1.0,Natural gas,0.0,0.39899999999999997,0,0,1,0
BNA1505,228,22.1,1.0,Natural gas,0.0,0.377,0,0,1,0
BNA1506,374,23.4,1.0,Natural gas,0.0,0.37799999999999995,0,0,1,0
BNA1507,201,10.7,1.0,Natural gas,0.0,0.392,0,0,1,0
BNA1508,16,746.0,1.0,Hard coal,0.0,0.45799999999999996,0,0,1,0
BNA1509,392,66.0,1.0,Natural gas,0.0,0.381,0,0,1,0
BNA1510,355,18.7,1.0,Waste,0.0,0.33,0,0,1,0
BNA1511a,170,9.3,1.0,Lignite,0.0,0.359,0,0,1,0
BNA1511b,170,2.9,1.0,Natural gas,0.0,0.349,0,0,1,0
BNA1516,76,30.0,1.0,Natural gas,0.0,0.376,0,0,1,0
BNA1520,200,10.5,1.0,Waste,0.0,0.33,0,0,1,0
BNA1523a,68,42.0,1.0,Natural gas,0.0,0.504,0,0,1,0
BNA1523b,68,0.0,1.0,Natural gas,0.0,0.599,0,0,1,0
BNA1523c,68,0.0,1.0,Other fuels,0.0,0.33,0,0,1,0
BNA1524,400,22.1,1.0,Natural gas,0.0,0.28800000000000003,0,0,1,0
BNA1526,430,44.5,1.0,Oil(heavy),0.0,0.34299999999999997,0,0,1,0
BNA1528,7,13.2,1.0,Natural gas,0.0,0.374,0,0,1,0
BNA1531,417,37.7,1.0,Natural gas,0.0,0.4,0,0,1,0
BNA1541,349,13.4,1.0,Natural gas,0.0,0.39899999999999997,0,0,1,0
BNA1553,313,23.3,1.0,Other fuels,0.0,0.33,0,0,1,0
BNA1556,351,36.0,1.0,Natural gas,0.0,0.4,0,0,1,0
BNA1557,347,12.9,1.0,Natural gas,0.0,0.4,0,0,1,0
BNA1558,414,766.0,1.0,Hard coal,0.0,0.46299999999999997,0,0,1,0
BNA1658,216,11.3,1.0,Natural gas,0.0,0.363,0,0,1,0
BNA1671,404,17.1,1.0,Natural gas,0.0,0.4,0,0,1,0
BNA1673,414,774.0,1.0,Hard coal,0.0,0.46299999999999997,0,0,1,0
BNA1674,407,731.0,1.0,Hard coal,0.0,0.46299999999999997,0,0,1,0
BNA1677,56,10.4,1.0,Natural gas,0.0,0.402,0,0,1,0
BNA1678,311,17.2,1.0,Natural gas,0.0,0.402,0,0,1,0
BNA0046,79,360.0,1.0,Hydro,0.0,0.75,0,0,1,0
BNA0228,224,143.0,1.0,Hydro,0.0,0.75,0,0,1,0
BNA0229,224,480.0,1.0,Hydro,0.0,0.75,0,0,1,0
BNA0268,179,138.0,1.0,Hydro,0.0,0.7490000000000001,0,0,1,0
BNA0279,266,43.0,1.0,Hydro,0.0,0.7490000000000001,0,0,1,0
BNA0327,412,119.1,1.0,Hydro,0.0,0.75,0,0,1,0
BNA0337,233,164.0,1.0,Hydro,0.0,0.75,0,0,1,0
BNA0350,330,1052.0,1.0,Hydro,0.0,0.75,0,0,1,0
BNA0426,285,100.0,1.0,Hydro,0.0,0.75,0,0,1,0
BNA0443,177,153.0,1.0,Hydro,0.0,0.7509999999999999,0,0,1,0
BNA0465,332,59.8,1.0,Hydro,0.0,0.7490000000000001,0,0,1,0
BNA0467,331,317.8,1.0,Hydro,0.0,0.7509999999999999,0,0,1,0
BNA0558,218,220.0,1.0,Hydro,0.0,0.75,0,0,1,0
BNA0652,342,1045.2,1.0,Hydro,0.0,0.7509999999999999,0,0,1,0
BNA0669,277,90.0,1.0,Hydro,0.0,0.7490000000000001,0,0,1,0
BNA0721,351,39.8,1.0,Hydro,0.0,0.7490000000000001,0,0,1,0
BNA0882,332,79.8,1.0,Hydro,0.0,0.75,0,0,1,0
BNA0946a,325,28.0,1.0,Hydro,0.0,0.75,0,0,1,0
BNA0953,325,99.0,1.0,Hydro,0.0,0.75,0,0,1,0
BNA0972,305,49.0,1.0,Hydro,0.0,0.75,0,0,1,0
BNA0973,305,49.8,1.0,Hydro,0.0,0.7509999999999999,0,0,1,0
BNA0987,235,596.0,1.0,Hydro,0.0,0.75,0,0,1,0
BNA1675,234,500.0,1.0,Hydro,0.0,0.75,0,0,1,0
BNA1003,285,150.0,1.0,Hydro,0.0,0.7509999999999999,0,0,1,0
BNA1019,282,910.0,1.0,Hydro,0.0,0.75,0,0,1,0
BNA1031,335,79.7,1.0,Hydro,0.0,0.75,0,0,1,0
BNA1071,284,220.0,1.0,Hydro,0.0,0.7509999999999999,0,0,1,0
BNA0777,50,247.0,1.0,Hydro,0.0,0.75,0,0,1,0
BNA0778,50,525.0,1.0,Hydro,0.0,0.75,0,0,1,0
BNA0954,50,238.0,1.0,Hydro,0.0,0.7509999999999999,0,0,1,0
BNA0974,50,198.0,1.0,Hydro,0.0,0.7509999999999999,0,0,1,0
BNA0975,50,295.0,1.0,Hydro,0.0,0.7490000000000001,0,0,1,0
BNA0012a,223,16.8,1.0,Biomass,0.0,0.38,0,0,1,0
BNA0021,301,9.8,1.0,Biomass,0.0,0.38,0,0,1,0
BNA0027,130,138.9,1.0,Biomass,0.0,0.38,0,0,1,0
BNA0055,365,16.0,1.0,Biomass,0.0,0.38,0,0,1,0
BNA0062,356,18.3,1.0,Biomass,0.0,0.38,0,0,1,0
BNA0066,145,17.7,1.0,Biomass,0.0,0.38,0,0,1,0
BNA0068,364,16.5,1.0,Biomass,0.0,0.38,0,0,1,0
BNA0090,136,20.0,1.0,Biomass,0.0,0.38,0,0,1,0
BNA0103,335,18.1,1.0,Biomass,0.0,0.38,0,0,1,0
BNA0106,335,53.5,1.0,Biomass,0.0,0.38,0,0,1,0
BNA0121,148,11.4,1.0,Biomass,0.0,0.38,0,0,1,0
BNA0156a,209,18.0,1.0,Biomass,0.0,0.38,0,0,1,0
BNA0169,246,28.4,1.0,Biomass,0.0,0.38,0,0,1,0
BNA0172,315,178.0,1.0,Natural gas,0.0,0.544,0,0,1,0
BNA0176,373,10.2,1.0,Biomass,0.0,0.38,0,0,1,0
BNA0191,345,20.0,1.0,Biomass,0.0,0.38,0,0,1,0
BNA0192,345,20.0,1.0,Biomass,0.0,0.38,0,0,1,0
BNA0224,360,20.0,1.0,Biomass,0.0,0.38,0,0,1,0
BNA0232a,297,13.2,1.0,Biomass,0.0,0.38,0,0,1,0
BNA0232b,297,8.0,1.0,Biomass,0.0,0.38,0,0,1,0
BNA0242,350,12.6,1.0,Biomass,0.0,0.38,0,0,1,0
BNA0244,409,20.0,1.0,Biomass,0.0,0.38,0,0,1,0
BNA0250a,392,20.0,1.0,Biomass,0.0,0.38,0,0,1,0
BNA0250b,392,10.6,1.0,Biomass,0.0,0.38,0,0,1,0
BNA0277,200,12.6,1.0,Biomass,0.0,0.38,0,0,1,0
BNA0283,72,12.4,1.0,Biomass,0.0,0.38,0,0,1,0
BNA0347,293,15.7,1.0,Biomass,0.0,0.38,0,0,1,0
BNA0385,211,12.1,1.0,Biomass,0.0,0.38,0,0,1,0
BNA0388,178,20.0,1.0,Biomass,0.0,0.38,0,0,1,0
BNA0399,415,20.0,1.0,Biomass,0.0,0.38,0,0,1,0
BNA0408,217,16.8,1.0,Biomass,0.0,0.38,0,0,1,0
BNA0435,138,19.7,1.0,Biomass,0.0,0.38,0,0,1,0
BNA0483,216,19.9,1.0,Biomass,0.0,0.38,0,0,1,0
BNA0500,201,12.4,1.0,Biomass,0.0,0.38,0,0,1,0
BNA0520,32,78.0,1.0,Biomass,0.0,0.38,0,0,1,0
BNA0549,365,17.1,1.0,Biomass,0.0,0.38,0,0,1,0
BNA0553,313,15.1,1.0,Biomass,0.0,0.38,0,0,1,0
BNA0566,295,9.6,1.0,Biomass,0.0,0.38,0,0,1,0
BNA0573,386,20.0,1.0,Biomass,0.0,0.38,0,0,1,0
BNA0601,182,14.0,1.0,Biomass,0.0,0.38,0,0,1,0
BNA0617,91,20.0,1.0,Biomass,0.0,0.38,0,0,1,0
BNA0621,337,18.1,1.0,Biomass,0.0,0.38,0,0,1,0
BNA0628,419,9.8,1.0,Biomass,0.0,0.38,0,0,1,0
BNA0636,250,17.9,1.0,Biomass,0.0,0.38,0,0,1,0
BNA0637,250,59.2,1.0,Biomass,0.0,0.38,0,0,1,0
BNA0692,323,15.6,1.0,Biomass,0.0,0.38,0,0,1,0
BNA0701,115,12.1,1.0,Biomass,0.0,0.38,0,0,1,0
BNA0756,254,18.8,1.0,Biomass,0.0,0.38,0,0,1,0
BNA0775,395,20.0,1.0,Biomass,0.0,0.38,0,0,1,0
BNA0797,265,12.3,1.0,Biomass,0.0,0.38,0,0,1,0
BNA0826,154,14.0,1.0,Biomass,0.0,0.38,0,0,1,0
BNA0860,332,12.9,1.0,Biomass,0.0,0.38,0,0,1,0
BNA0926a,128,14.0,1.0,Biomass,0.0,0.38,0,0,1,0
BNA1055,200,6.7,1.0,Biomass,0.0,0.38,0,0,1,0
BNA1091,311,10.0,1.0,Biomass,0.0,0.38,0,0,1,0
BNA1256,360,13.3,1.0,Biomass,0.0,0.38,0,0,1,0
BNA1335c,405,1.92,1.0,Biomass,0.0,0.38,0,0,1,0
BNA1337b,128,1.1,1.0,Biomass,0.0,0.38,0,0,1,0
BNA1337c,128,0.8,1.0,Biomass,0.0,0.38,0,0,1,0
BNA1398,138,18.6,1.0,Biomass,0.0,0.38,0,0,1,0
BNA1405b,297,8.7,1.0,Biomass,0.0,0.38,0,0,1,0
BNA1405c,297,4.5,1.0,Biomass,0.0,0.38,0,0,1,0
BNA1501,293,14.0,1.0,Biomass,0.0,0.38,0,0,1,0
BNA1522,360,17.8,1.0,Biomass,0.0,0.38,0,0,1,0
