ID,technology,fuel,node,maxPower,minPower,efficiency,emission,rampUp,rampDown,variableCosts,hotStartCosts,warmStartCosts,coldStartCosts,minOperatingTime,minDowntime,heatExtraction,maxExtraction,heatingDistrict,company,year
BNA0005,open cycle gas turbine,natural gas,363,37.5,9.375,0.354,0.57,37.5,37.5,3.0,16.5,21.0,28.5,0,0,no,0.0,N/A,Ahrensfelde,1990
BNA0006,open cycle gas turbine,natural gas,363,37.5,9.375,0.354,0.57,37.5,37.5,3.0,16.5,21.0,28.5,0,0,no,0.0,N/A,Ahrensfelde,1990
BNA0007,open cycle gas turbine,natural gas,363,37.5,9.375,0.354,0.57,37.5,37.5,3.0,16.5,21.0,28.5,0,0,no,0.0,N/A,Ahrensfelde,1990
BNA0008,open cycle gas turbine,natural gas,363,37.5,9.375,0.354,0.57,37.5,37.5,3.0,16.5,21.0,28.5,0,0,no,0.0,N/A,Ahrensfelde,1990
BNA0012b,open cycle gas turbine,natural gas,223,20.0,5.0,0.327,0.618,20.0,20.0,3.0,19.5,34.5,43.5,0,0,yes,37.0,DH_DE_Ind,Werkskraftwerk Sappi Alfeld,1947
BNA0015,open cycle gas turbine,natural gas,46,65.0,16.25,0.37200000000000005,0.542,65.0,65.0,3.0,16.5,21.0,28.5,0,0,yes,130.0,DH_DE_Neckar,Heizkraftwerk Altbach/Deizisau,1997
BNA0016,open cycle gas turbine,natural gas,46,50.0,12.5,0.305,0.6629999999999999,50.0,50.0,3.0,16.5,21.0,28.5,0,0,no,0.0,N/A,Heizkraftwerk Altbach/Deizisau,1971
BNA0017,open cycle gas turbine,natural gas,46,57.0,14.25,0.31,0.6509999999999999,57.0,57.0,3.0,16.5,21.0,28.5,0,0,no,0.0,N/A,Heizkraftwerk Altbach/Deizisau,1973
BNA0018,open cycle gas turbine,natural gas,46,81.0,20.25,0.315,0.6409999999999999,81.0,81.0,3.0,16.5,21.0,28.5,0,0,no,0.0,N/A,Heizkraftwerk Altbach/Deizisau,1975
BNA0019,hard coal,hard coal,46,336.0,134.4,0.44,0.773,235.2,235.2,1.3,30.5,47.5,69.3,7,6,yes,280.0,DH_DE_Neckar,Heizkraftwerk Altbach/Deizisau,1997
BNA0020,hard coal,hard coal,46,433.0,173.20000000000002,0.455,0.747,303.09999999999997,303.09999999999997,1.3,30.5,47.5,69.3,7,6,yes,280.0,DH_DE_Neckar,Heizkraftwerk Altbach/Deizisau,1985
BNA0025,open cycle gas turbine,natural gas,417,15.1,3.775,0.377,0.535,15.1,15.1,3.0,19.5,34.5,43.5,0,0,yes,31.0,DH_DE_Ind,Kesselhaus Zuckerfabrik,1993
BNA0033,open cycle gas turbine,natural gas,296,28.8,7.2,0.39,0.517,28.8,28.8,3.0,16.5,21.0,28.5,0,0,yes,41.0,DH_DE_Rem,Gasturbine,2004
BNA0051,open cycle gas turbine,natural gas,373,18.0,4.5,0.377,0.535,18.0,18.0,3.0,19.5,34.5,43.5,0,0,yes,28.0,DH_DE_Ind,KWK-Anlage Barby,2013
BNA0059b,combined cycle gas turbine,natural gas,226,78.0,31.200000000000003,0.599,0.337,66.3,66.3,4.0,23.0,34.2,46.7,5,6,yes,111.0,DH_DE_Ind,"GuD Baunatal, VW Werksgelände",2013
BNA0067,hard coal,hard coal,145,717.0,286.8,0.37799999999999995,0.9009999999999999,501.9,501.9,1.3,30.5,47.5,69.3,7,6,no,0.0,N/A,Bergkamen,1981
BNA0070,open cycle gas turbine,natural gas,364,8.0,2.0,0.406,0.49700000000000005,8.0,8.0,3.0,16.5,21.0,28.5,0,0,no,0.0,N/A,HKW Adlershof,2010
BNA0071,open cycle gas turbine,natural gas,364,5.0,1.25,0.37,0.546,5.0,5.0,3.0,16.5,21.0,28.5,0,0,no,0.0,N/A,HKW Adlershof,1996
BNA0072,open cycle gas turbine,natural gas,364,7.0,1.75,0.385,0.524,7.0,7.0,3.0,16.5,21.0,28.5,0,0,no,0.0,N/A,HKW Adlershof,2002
BNA0073,combined cycle gas turbine,natural gas,369,444.0,177.60000000000002,0.522,0.387,377.4,377.4,4.0,24.0,34.2,46.7,5,6,yes,638.0,DH_DE_Berlin,Mitte,1996
BNA0074,open cycle gas turbine,natural gas,370,211.0,52.75,0.38,0.531,211.0,211.0,3.0,16.5,21.0,28.5,0,0,yes,300.0,DH_DE_Berlin,Charlottenburg,1975
BNA0075,open cycle gas turbine,natural gas,370,144.0,36.0,0.38299999999999995,0.527,144.0,144.0,3.0,19.5,34.5,43.5,0,0,yes,240.0,DH_DE_Berlin,Lichterfelde,1972
BNA0076,open cycle gas turbine,natural gas,370,144.0,36.0,0.38299999999999995,0.527,144.0,144.0,3.0,19.5,34.5,43.5,0,0,yes,240.0,DH_DE_Berlin,Lichterfelde,1974
BNA0080,open cycle gas turbine,natural gas,370,144.0,36.0,0.38299999999999995,0.527,144.0,144.0,3.0,19.5,34.5,43.5,0,0,yes,240.0,DH_DE_Berlin,Lichterfelde,1973
BNA0081,lignite,lignite,364,164.0,82.0,0.35700000000000004,1.018,82.0,82.0,7.0,45.1,73.9,73.2,10,7,yes,432.0,DH_DE_Berlin,Klingenberg,1981
BNA0082,hard coal,hard coal,371,124.0,49.6,0.348,0.9790000000000001,86.8,86.8,1.3,45.1,73.9,73.2,7,6,yes,244.0,DH_DE_Berlin,Reuter,1969
BNA0083,oil,oil,370,276.0,69.0,0.36,0.74,276.0,276.0,3.0,20.7,35.8,45.1,0,0,yes,330.0,DH_DE_Berlin,Wilmersdorf,1977
BNA0085a,hard coal,hard coal,370,89.0,35.6,0.4,0.85,62.3,62.3,1.3,45.1,73.9,73.2,7,6,yes,136.0,DH_DE_Berlin,Moabit,1990
BNA0085b,oil,oil,370,51.0,12.75,0.305,0.873,51.0,51.0,3.0,20.7,35.8,45.1,0,0,no,0.0,N/A,Moabit,1971
BNA0086,hard coal,hard coal,371,282.0,112.80000000000001,0.39299999999999996,0.866,197.39999999999998,197.39999999999998,1.3,45.1,73.9,73.2,7,6,yes,363.0,DH_DE_Berlin,Reuter West,1987
BNA0087,hard coal,hard coal,371,282.0,112.80000000000001,0.395,0.861,197.39999999999998,197.39999999999998,1.3,45.1,73.9,73.2,7,6,yes,363.0,DH_DE_Berlin,Reuter West,1988
BNA0088a,combined cycle gas turbine,natural gas,373,35.0,14.0,0.33,0.612,29.75,29.75,4.0,24.0,34.2,46.7,5,6,yes,78.0,DH_DE_Ind,Industriekraftwerk Bernburg (IKB),1994
BNA0093,hard coal,hard coal,244,721.0,288.40000000000003,0.38299999999999995,0.889,504.7,504.7,1.3,30.5,47.5,69.3,7,6,no,0.0,N/A,Kraftwerk Bexbach,1983
BNA0098,open cycle gas turbine,natural gas,214,23.0,5.75,0.361,0.5589999999999999,23.0,23.0,3.0,19.5,34.5,43.5,0,0,yes,46.0,DH_DE_Rem,HKW Schildescher Straße,1978
BNA0099,open cycle gas turbine,natural gas,211,55.0,13.75,0.315,0.6409999999999999,55.0,55.0,3.0,16.5,21.0,28.5,0,0,no,0.0,N/A,Gasturbinenkraftwerk Bielefeld Ummeln,1975
BNA0100,combined cycle gas turbine,natural gas,214,37.5,15.0,0.563,0.359,31.875,31.875,4.0,23.0,34.2,46.7,5,6,yes,22.0,DH_DE_Rem,GuD Kraftwerk Hillegossen,2005
BNA0101,open cycle gas turbine,natural gas,214,41.0,10.25,0.348,0.581,41.0,41.0,3.0,19.5,34.5,43.5,0,0,yes,87.0,DH_DE_Rem,HKW Schildescher Straße,1966
BNA0105,combined cycle gas turbine,natural gas,337,106.0,42.400000000000006,0.54,0.374,90.1,90.1,4.0,24.0,34.2,46.7,5,6,yes,110.0,DH_DE_Ind,GuD Bitterfeld,2000
BNA0110,open cycle gas turbine,natural gas,89,20.7,5.175,0.389,0.518,20.7,20.7,3.0,19.5,34.5,43.5,0,0,yes,43.0,DH_DE_Gelsenkirchen,Bochum,2004
BNA0111,open cycle gas turbine,natural gas,122,44.0,11.0,0.4,0.504,44.0,44.0,3.0,19.5,34.5,43.5,0,0,yes,220.0,DH_DE_Gelsenkirchen,HKW Hiltrop,2014
BNA0115,lignite,lignite,344,875.0,437.5,0.4,0.9079999999999999,437.5,437.5,7.0,30.4,47.5,69.3,10,7,yes,449.0,DH_DE_Rem,Lippendorf,2000
BNA0116,lignite,lignite,344,875.0,437.5,0.39799999999999996,0.914,437.5,437.5,7.0,30.4,47.5,69.3,10,7,yes,449.0,DH_DE_Ind,Braunkohlekraftwerk Lippendorf,1999
BNA0117b,open cycle gas turbine,natural gas,445,95.0,23.75,0.39899999999999997,0.505,95.0,95.0,3.0,19.5,34.5,43.5,0,0,yes,136.0,DH_DE_Rem,Heizkraftwerk Karlstraße,2013
BNA0122,lignite,lignite,354,465.0,232.5,0.38299999999999995,0.948,232.5,232.5,7.0,30.4,47.5,69.3,10,7,yes,238.0,DH_DE_Rem,Boxberg,1979
BNA0123,lignite,lignite,354,465.0,232.5,0.386,0.9420000000000001,232.5,232.5,7.0,30.4,47.5,69.3,10,7,yes,238.0,DH_DE_Rem,Boxberg,1980
BNA0124,lignite,lignite,354,857.0,428.5,0.4,0.9079999999999999,428.5,428.5,7.0,30.4,47.5,69.3,10,7,no,0.0,N/A,Boxberg,2000
BNA0129,open cycle gas turbine,natural gas,358,36.0,9.0,0.382,0.529,36.0,36.0,3.0,19.5,34.5,43.5,0,0,yes,55.0,DH_DE_Rem,HKW,1997
BNA0130,combined cycle gas turbine,natural gas,372,160.0,64.0,0.513,0.39299999999999996,136.0,136.0,4.0,24.0,34.2,46.7,5,6,no,0.0,N/A,Kirchmöser,1994
BNA0135,combined cycle gas turbine,natural gas,133,20.0,8.0,0.41,0.493,17.0,17.0,4.0,23.0,34.2,46.7,5,6,yes,40.0,DH_DE_Rem,HKW-Mitte,1971
BNA0136,combined cycle gas turbine,natural gas,133,74.0,29.6,0.585,0.345,62.9,62.9,4.0,23.0,34.2,46.7,5,6,yes,60.0,DH_DE_Rem,HKW-Mitte,2010
BNA0137,open cycle gas turbine,natural gas,133,25.0,6.25,0.289,0.698,25.0,25.0,3.0,16.5,21.0,28.5,0,0,yes,80.0,DH_DE_Rem,HKW-Nord,1965
BNA0138,hard coal,hard coal,133,43.3,17.32,0.46799999999999997,0.727,30.309999999999995,30.309999999999995,1.3,45.1,73.9,73.2,7,6,yes,124.0,DH_DE_Ind,HKW-Mitte,1984
BNA0141,oil,oil,399,88.0,22.0,0.312,0.851,88.0,88.0,3.0,20.7,35.8,45.1,0,0,no,0.0,N/A,KW Mittelsbüren,1974
BNA0144,hard coal,hard coal,401,119.0,47.6,0.39799999999999996,0.856,83.3,83.3,1.3,45.1,73.9,73.2,7,6,yes,155.0,DH_DE_Rem,KW Hastedt,1989
BNA0146,hard coal,hard coal,399,300.0,120.0,0.373,0.9129999999999999,210.0,210.0,1.3,30.5,47.5,69.3,7,6,no,0.0,N/A,KW Hafen,1979
BNA0147,hard coal,hard coal,402,350.0,140.0,0.44299999999999995,0.769,244.99999999999997,244.99999999999997,1.3,30.5,47.5,69.3,7,6,no,0.0,N/A,Farge,1969
BNA0156b,open cycle gas turbine,natural gas,209,13.5,3.375,0.37,0.546,13.5,13.5,3.0,16.5,21.0,28.5,0,0,yes,21.0,DH_DE_Ind,Egger Kraftwerk Briilon,1996
BNA0157,nuclear,uranium,429,1410.0,564.0,0.33,0.0,846.0,846.0,6.0,140.0,140.0,140.0,72,10,no,0.0,N/A,Brokdorf,1986
BNA0161,oil,oil,430,63.5,15.875,0.31,0.8590000000000001,63.5,63.5,3.0,20.7,35.8,45.1,0,0,no,0.0,N/A,Brunsbüttel,1973
BNA0162,oil,oil,430,63.5,15.875,0.31,0.8590000000000001,63.5,63.5,3.0,20.7,35.8,45.1,0,0,no,0.0,N/A,Brunsbüttel,1973
BNA0163,oil,oil,430,63.5,15.875,0.31,0.8590000000000001,63.5,63.5,3.0,20.7,35.8,45.1,0,0,no,0.0,N/A,Brunsbüttel,1973
BNA0164,oil,oil,430,63.5,15.875,0.31,0.8590000000000001,63.5,63.5,3.0,20.7,35.8,45.1,0,0,no,0.0,N/A,Brunsbüttel,1973
BNA0174,open cycle gas turbine,natural gas,315,49.0,12.25,0.387,0.521,49.0,49.0,3.0,19.5,34.5,43.5,0,0,yes,33.0,DH_DE_Ind,Industriepark Werk Gendorf,2002
BNA0177,lignite,lignite,349,56.8,28.4,0.371,0.9790000000000001,28.4,28.4,7.0,45.1,73.9,73.2,10,7,yes,162.0,DH_DE_Rem,HKW Chemnitz  Nord II,1988
BNA0178,open cycle gas turbine,natural gas,349,57.2,14.3,0.37,0.546,57.2,57.2,3.0,19.5,34.5,43.5,0,0,yes,165.0,DH_DE_Rem,HKW Chemnitz  Nord II,1986
BNA0179,lignite,lignite,349,90.8,45.4,0.424,0.857,45.4,45.4,7.0,45.1,73.9,73.2,10,7,yes,140.0,DH_DE_Rem,HKW Chemnitz  Nord II,1990
BNA0183,lignite,lignite,357,74.0,37.0,0.39799999999999996,0.914,37.0,37.0,7.0,45.1,73.9,73.2,10,7,yes,117.0,DH_DE_Rem,HKW Cottbus,1999
BNA0194,lignite,lignite,337,49.0,24.5,0.39,0.9309999999999999,24.5,24.5,7.0,45.1,73.9,73.2,10,7,yes,78.0,DH_DE_Rem,Kraftwerk Dessau,1996
BNA0196,lignite,lignite,341,67.0,33.5,0.24600000000000002,1.474,33.5,33.5,7.0,45.1,73.9,73.2,10,7,yes,134.0,DH_DE_Rem,Deuben,1936
BNA0199,combined cycle gas turbine,natural gas,171,586.3,234.51999999999998,0.54,0.374,498.35499999999996,498.35499999999996,4.0,23.0,34.2,46.7,5,6,yes,480.0,DH_DE_Ind,Dormagen,2000
BNA0202,open cycle gas turbine,natural gas,121,26.0,6.5,0.389,0.518,26.0,26.0,3.0,19.5,34.5,43.5,0,0,yes,16.0,DH_DE_Ind,Dortmund,2004
BNA0203,hard coal,hard coal,153,345.0,138.0,0.353,0.965,241.49999999999997,241.49999999999997,1.3,30.5,47.5,69.3,7,6,no,0.0,N/A,Knepper,1971
BNA0207,combined cycle gas turbine,natural gas,351,263.0,105.2,0.518,0.39,223.54999999999998,223.54999999999998,4.0,24.0,34.2,46.7,5,6,yes,455.0,DH_DE_Dresden,HKW Dresden-Nossener Brücke,1995
BNA0211,hard coal,hard coal,14,95.0,38.0,0.38799999999999996,0.878,66.5,66.5,1.3,45.1,73.9,73.2,7,6,yes,139.0,DH_DE_Rem,HKW I,1985
BNA0213,open cycle gas turbine,natural gas,100,40.0,10.0,0.387,0.521,40.0,40.0,3.0,19.5,34.5,43.5,0,0,yes,24.0,DH_DE_Rem,HKW III/A,2002
BNA0214,combined cycle gas turbine,natural gas,100,234.0,93.60000000000001,0.563,0.359,198.9,198.9,4.0,23.0,34.2,46.7,5,6,yes,167.0,DH_DE_Rem,HKW III/B,2005
BNA0216a,hard coal,hard coal,142,370.0,148.0,0.395,0.861,259.0,259.0,1.3,30.5,47.5,69.3,7,6,yes,295.0,DH_DE_Rem,KW Walsum,1988
BNA0216b,hard coal,hard coal,142,725.0,290.0,0.45799999999999996,0.743,507.49999999999994,507.49999999999994,1.3,30.5,47.5,69.3,7,6,no,0.0,N/A,KW Walsum,2013
BNA0220,combined cycle gas turbine,natural gas,115,100.0,40.0,0.54,0.374,85.0,85.0,4.0,23.0,34.2,46.7,5,6,yes,75.0,DH_DE_Rem,GuD,2000
BNA0221a,open cycle gas turbine,natural gas,115,64.7,16.175,0.312,0.6459999999999999,64.7,64.7,3.0,16.5,21.0,28.5,0,0,no,0.0,N/A,GT,1974
BNA0221b,open cycle gas turbine,natural gas,115,66.7,16.675,0.312,0.6459999999999999,66.7,66.7,3.0,16.5,21.0,28.5,0,0,no,0.0,N/A,GT,1974
BNA0221c,open cycle gas turbine,natural gas,115,293.0,73.25,0.359,0.563,293.0,293.0,3.0,19.5,34.5,43.5,0,0,yes,149.0,DH_DE_Rem,Gasblock,1976
BNA0222,oil,oil,117,86.2,21.55,0.32,0.831,86.2,86.2,3.0,20.7,35.8,45.1,0,0,no,0.0,N/A,GT,1977
BNA0232c,open cycle gas turbine,natural gas,297,4.0,1.0,0.359,0.563,4.0,4.0,3.0,19.5,34.5,43.5,0,0,yes,8.0,DH_DE_Rem,Werkskraftwerk Sappi Ehingen,1976
BNA0233,open cycle gas turbine,natural gas,345,46.6,11.65,0.377,0.535,46.6,46.6,3.0,19.5,34.5,43.5,0,0,yes,74.0,DH_DE_Rem,Kombikraftwerk,1993
BNA0239,open cycle gas turbine,natural gas,403,321.0,80.25,0.396,0.51,321.0,321.0,3.0,16.5,21.0,28.5,0,0,no,0.0,N/A,Huntorf,1978
BNA0243,open cycle gas turbine,natural gas,81,57.0,14.25,0.39399999999999996,0.512,57.0,57.0,3.0,19.5,34.5,43.5,0,0,yes,81.0,DH_DE_Ind,HKW Eltmann,2008
BNA0245a,open cycle gas turbine,natural gas,409,50.0,12.5,0.355,0.568,50.0,50.0,3.0,16.5,21.0,28.5,0,0,no,0.0,N/A,Emden Gas,1973
BNA0251,nuclear,uranium,217,1360.0,544.0,0.33,0.0,816.0,816.0,6.0,140.0,140.0,140.0,72,10,no,0.0,N/A,Grohnde,1985
BNA0252,hard coal,hard coal,26,283.0,113.2,0.43,0.7909999999999999,198.1,198.1,1.3,45.1,73.9,73.2,7,6,yes,145.0,DH_DE_Saar,Kraftwerk Ensdorf,2001
BNA0253,hard coal,hard coal,26,106.0,42.400000000000006,0.43,0.7909999999999999,74.19999999999999,74.19999999999999,1.3,45.1,73.9,73.2,7,6,yes,66.0,DH_DE_Saar,Kraftwerk Ensdorf,1963
BNA0255,open cycle gas turbine,natural gas,333,11.0,2.75,0.381,0.53,11.0,11.0,3.0,19.5,34.5,43.5,0,0,yes,23.0,DH_DE_Rem,HKW Iderhoffstraße,1996
BNA0256a,combined cycle gas turbine,natural gas,333,76.5,30.6,0.54,0.374,65.02499999999999,65.02499999999999,4.0,24.0,34.2,46.7,5,6,yes,333.0,DH_DE_Rem,HKW Erfurt-Ost,2000
BNA0256b,combined cycle gas turbine,natural gas,333,32.6,13.040000000000001,0.603,0.335,27.71,27.71,4.0,23.0,34.2,46.7,5,6,yes,47.0,DH_DE_Rem,HKW Erfurt-Ost,2014
BNA0261a,combined cycle gas turbine,natural gas,324,21.6,8.64,0.563,0.359,18.36,18.36,4.0,23.0,34.2,46.7,5,6,yes,13.0,DH_DE_Rem,HKW Erlangen,2005
BNA0261b,hard coal,hard coal,324,17.4,6.96,0.375,0.907,12.179999999999998,12.179999999999998,1.3,45.1,73.9,73.2,7,6,yes,87.0,DH_DE_Rem,HKW Erlangen,1980
BNA0261c,combined cycle gas turbine,natural gas,324,6.7,2.68,0.603,0.335,5.695,5.695,4.0,23.0,34.2,46.7,5,6,yes,10.0,DH_DE_Rem,HKW Erlangen,2014
BNA0263,nuclear,uranium,317,1410.0,564.0,0.33,0.0,846.0,846.0,6.0,140.0,140.0,140.0,72,10,no,0.0,N/A,Isar 2,1988
BNA0270,hard coal,hard coal,437,27.0,10.8,0.405,0.84,18.9,18.9,1.3,45.1,73.9,73.2,7,6,yes,40.0,DH_DE_Rem,Heizkraftwerk FL,1992
BNA0271,hard coal,hard coal,437,29.0,11.600000000000001,0.395,0.861,20.299999999999997,20.299999999999997,1.3,45.1,73.9,73.2,7,6,yes,46.0,DH_DE_Rem,Heizkraftwerk FL,1988
BNA0272,hard coal,hard coal,437,33.0,13.200000000000001,0.38799999999999996,0.878,23.099999999999998,23.099999999999998,1.3,45.1,73.9,73.2,7,6,yes,52.0,DH_DE_Rem,Heizkraftwerk FL,1985
BNA0273,hard coal,hard coal,437,35.0,14.0,0.38,0.895,24.5,24.5,1.3,45.1,73.9,73.2,7,6,yes,56.0,DH_DE_Rem,Heizkraftwerk FL,1982
BNA0274,hard coal,hard coal,437,23.0,9.200000000000001,0.37,0.919,16.099999999999998,16.099999999999998,1.3,45.1,73.9,73.2,7,6,yes,40.0,DH_DE_Rem,Heizkraftwerk FL,1978
BNA0284,lignite,lignite,356,45.0,22.5,0.39299999999999996,0.925,22.5,22.5,7.0,45.1,73.9,73.2,10,7,yes,71.0,DH_DE_Rem,Heizkraftwerk FFO,1997
BNA0285,combined cycle gas turbine,natural gas,195,70.0,28.0,0.563,0.359,59.5,59.5,4.0,23.0,34.2,46.7,5,6,yes,120.0,DH_DE_Rem,HKW Niederrad,2005
BNA0286,open cycle gas turbine,natural gas,195,99.0,24.75,0.364,0.5539999999999999,99.0,99.0,3.0,16.5,21.0,28.5,0,0,yes,150.0,DH_DE_Rem,HKW West,1994
BNA0288,combined cycle gas turbine,natural gas,195,56.0,22.400000000000002,0.419,0.48200000000000004,47.6,47.6,4.0,24.0,34.2,46.7,5,6,yes,98.0,DH_DE_Rem,HKW Niederrad,1973
BNA0289b,hard coal,hard coal,195,61.5,24.6,0.39799999999999996,0.856,43.05,43.05,1.3,45.1,73.9,73.2,7,6,yes,98.0,DH_DE_Rem,HKW West,1989
BNA0290,hard coal,hard coal,195,61.5,24.6,0.39799999999999996,0.856,43.05,43.05,1.3,45.1,73.9,73.2,7,6,yes,98.0,DH_DE_Rem,HKW West,1989
BNA0292,lignite,lignite,168,118.0,59.0,0.371,0.9790000000000001,59.0,59.0,7.0,45.1,73.9,73.2,10,7,yes,251.0,DH_DE_Rem,Frechen/Wachtberg,1959
BNA0293,combined cycle gas turbine,natural gas,268,60.1,24.040000000000003,0.531,0.38,51.085,51.085,4.0,23.0,34.2,46.7,5,6,yes,92.0,DH_DE_Ind,GuD Anlage WVK,1998
BNA0313,lignite,lignite,113,284.0,142.0,0.376,0.966,142.0,142.0,7.0,45.1,73.9,73.2,10,7,yes,654.0,DH_DE_Rem,Frimmersdorf,1966
BNA0314,lignite,lignite,113,278.0,139.0,0.376,0.966,139.0,139.0,7.0,45.1,73.9,73.2,10,7,no,0.0,N/A,Frimmersdorf,1970
BNA0318,oil,oil,227,24.8,6.2,0.397,0.67,24.8,24.8,3.0,20.7,35.8,45.1,0,0,no,0.0,N/A,Kraftwerk Fulda,2011
BNA0331,hard coal,hard coal,151,345.0,138.0,0.348,0.9790000000000001,241.49999999999997,241.49999999999997,1.3,30.5,47.5,69.3,7,6,no,0.0,N/A,Scholven,1969
BNA0332,hard coal,hard coal,151,345.0,138.0,0.345,0.986,241.49999999999997,241.49999999999997,1.3,30.5,47.5,69.3,7,6,yes,381.0,DH_DE_Gelsenkirchen,Scholven,1968
BNA0336,hard coal,hard coal,151,70.0,28.0,0.38799999999999996,0.878,49.0,49.0,1.3,45.1,73.9,73.2,7,6,yes,200.0,DH_DE_Gelsenkirchen,FWK Buer,1985
BNA0343,open cycle gas turbine,natural gas,339,74.0,18.5,0.381,0.53,74.0,74.0,3.0,19.5,34.5,43.5,0,0,yes,59.0,DH_DE_Ind,Heizkraftwerk Gera-Nord,1996
BNA0354,open cycle gas turbine,natural gas,222,18.8,4.7,0.38299999999999995,0.527,18.8,18.8,3.0,19.5,34.5,43.5,0,0,yes,29.0,DH_DE_Rem,HKW Göttingen,1998
BNA0355,nuclear,uranium,231,1275.0,510.0,0.33,0.0,765.0,765.0,6.0,140.0,140.0,140.0,72,10,no,0.0,N/A,Grafenrheinfeld,1982
BNA0360,open cycle gas turbine,natural gas,417,14.7,3.675,0.37,0.546,14.7,14.7,3.0,16.5,21.0,28.5,0,0,yes,23.0,DH_DE_Rem,"HKW ""Helmshäger Berg""",1996
BNA0361,open cycle gas turbine,natural gas,80,40.0,10.0,0.389,0.518,40.0,40.0,3.0,19.5,34.5,43.5,0,0,yes,57.0,DH_DE_Ind,Kraftwerk Grenzach-Wyhlen,2004
BNA0369,oil,oil,346,17.0,4.25,0.38,0.701,17.0,17.0,3.0,20.7,35.8,45.1,0,0,no,0.0,N/A,Spitzenlastkraftwerk Sermuth,1995
BNA0373,oil,oil,143,120.0,30.0,0.364,0.73,120.0,120.0,3.0,20.7,35.8,45.1,0,0,no,0.0,N/A,Spitzenlastkraftwerk Großkayna,1994
BNA0374,open cycle gas turbine,natural gas,192,622.0,155.5,0.36,0.561,622.0,622.0,3.0,19.5,34.5,43.5,0,0,no,0.0,N/A,Staudinger,1977
BNA0377,hard coal,hard coal,192,510.0,204.0,0.405,0.84,357.0,357.0,1.3,30.5,47.5,69.3,7,6,no,0.0,N/A,Staudinger,1992
BNA0378,oil,oil,313,386.0,96.5,0.355,0.7490000000000001,386.0,386.0,3.0,20.7,35.8,45.1,0,0,yes,643.0,DH_DE_Rem,Ingolstadt,1973
BNA0379,oil,oil,313,386.0,96.5,0.35600000000000004,0.746,386.0,386.0,3.0,20.7,35.8,45.1,0,0,yes,643.0,DH_DE_Rem,Ingolstadt,1974
BNA0381,nuclear,uranium,294,1284.0,513.6,0.33,0.0,770.4,770.4,6.0,140.0,140.0,140.0,72,10,no,0.0,N/A,Kernkraft Gundremmingen ,1984
BNA0382,nuclear,uranium,294,1288.0,515.2,0.33,0.0,772.8,772.8,6.0,140.0,140.0,140.0,72,10,no,0.0,N/A,Kernkraft Gundremmingen ,1984
BNA0386,open cycle gas turbine,natural gas,211,22.0,5.5,0.37799999999999995,0.5329999999999999,22.0,22.0,3.0,19.5,34.5,43.5,0,0,yes,34.0,DH_DE_Ind,Energiezentrum Mohn Media,1994
BNA0389,combined cycle gas turbine,natural gas,178,230.0,92.0,0.5579999999999999,0.36200000000000004,195.5,195.5,4.0,24.0,34.2,46.7,5,6,yes,211.0,DH_DE_Ind,Heizkraftwerk Hagen-Kabel,1980
BNA0392a,open cycle gas turbine,natural gas,143,97.0,24.25,0.391,0.517,97.0,97.0,3.0,19.5,34.5,43.5,0,0,yes,78.0,DH_DE_Ind,HKW Halle Trotha,2005
BNA0392b,combined cycle gas turbine,natural gas,143,54.0,21.6,0.599,0.337,45.9,45.9,4.0,23.0,34.2,46.7,5,6,yes,43.0,DH_DE_Rem,HKW Halle Trotha,2013
BNA0400,combined cycle gas turbine,natural gas,415,127.0,50.800000000000004,0.581,0.348,107.95,107.95,4.0,23.0,34.2,46.7,5,6,yes,170.0,DH_DE_Hamburg,GuD Tiefstack,2009
BNA0401,open cycle gas turbine,natural gas,414,22.5,5.625,0.376,0.536,22.5,22.5,3.0,19.5,34.5,43.5,0,0,yes,35.0,DH_DE_Rem,Heizkraftwerk,1992
BNA0402,hard coal,hard coal,415,194.0,77.60000000000001,0.408,0.835,135.79999999999998,135.79999999999998,1.3,45.1,73.9,73.2,7,6,yes,814.0,DH_DE_Hamburg,Tiefstack,1993
BNA0403,hard coal,hard coal,410,123.0,49.2,0.408,0.835,86.1,86.1,1.3,45.1,73.9,73.2,7,6,yes,63.0,DH_DE_Hamburg,Wedel,1962
BNA0404,hard coal,hard coal,410,137.0,54.800000000000004,0.408,0.835,95.89999999999999,95.89999999999999,1.3,45.1,73.9,73.2,7,6,yes,290.0,DH_DE_Hamburg,Wedel,1961
BNA0410,combined cycle gas turbine,natural gas,65,417.1,166.84000000000003,0.5760000000000001,0.35,354.535,354.535,4.0,23.0,34.2,46.7,5,6,no,0.0,N/A,Trianel Gaskraftwerk ,2008
BNA0411,combined cycle gas turbine,natural gas,65,420.9,168.36,0.5760000000000001,0.35,357.765,357.765,4.0,24.0,34.2,46.7,5,6,no,0.0,N/A,Trianel Gaskraftwerk ,2008
BNA0413a,hard coal,hard coal,36,284.0,113.60000000000001,0.348,0.9790000000000001,198.79999999999998,198.79999999999998,1.3,45.1,73.9,73.2,7,6,no,0.0,N/A,Westfalen,1969
BNA0413c,hard coal,hard coal,36,765.0,306.0,0.46,0.7390000000000001,535.5,535.5,1.3,30.5,47.5,69.3,7,6,no,0.0,N/A,Westfalen,2014
BNA0418,combined cycle gas turbine,natural gas,383,230.0,92.0,0.599,0.337,195.5,195.5,4.0,23.0,34.2,46.7,5,6,yes,185.0,DH_DE_Rem,GKL,2013
BNA0419,open cycle gas turbine,natural gas,383,102.0,25.5,0.358,0.564,102.0,102.0,3.0,19.5,34.5,43.5,0,0,yes,280.0,DH_DE_Rem,KWH,1975
BNA0420,hard coal,hard coal,385,136.0,54.400000000000006,0.39799999999999996,0.856,95.19999999999999,95.19999999999999,1.3,45.1,73.9,73.2,7,6,yes,203.0,DH_DE_Rem,GKH,1989
BNA0421,hard coal,hard coal,385,136.0,54.400000000000006,0.39799999999999996,0.856,95.19999999999999,95.19999999999999,1.3,45.1,73.9,73.2,7,6,yes,203.0,DH_DE_Rem,GKH,1989
BNA0427,oil,oil,305,23.2,5.8,0.33299999999999996,0.7979999999999999,23.2,23.2,3.0,20.7,35.8,45.1,0,0,no,0.0,N/A,Kraftwerk Hausham,1982
BNA0428,oil,oil,305,23.2,5.8,0.33299999999999996,0.7979999999999999,23.2,23.2,3.0,20.7,35.8,45.1,0,0,no,0.0,N/A,Kraftwerk Hausham,1982
BNA0429,oil,oil,305,23.2,5.8,0.33299999999999996,0.7979999999999999,23.2,23.2,3.0,20.7,35.8,45.1,0,0,no,0.0,N/A,Kraftwerk Hausham,1982
BNA0430,oil,oil,305,23.2,5.8,0.33299999999999996,0.7979999999999999,23.2,23.2,3.0,20.7,35.8,45.1,0,0,no,0.0,N/A,Kraftwerk Hausham,1982
BNA0432,hard coal,hard coal,255,125.0,50.0,0.45,0.7559999999999999,87.5,87.5,1.3,45.1,73.9,73.2,7,6,yes,64.0,DH_DE_Rem,Heizkraftwerk Heilbronn,1965
BNA0433,hard coal,hard coal,255,125.0,50.0,0.45,0.7559999999999999,87.5,87.5,1.3,45.1,73.9,73.2,7,6,no,0.0,N/A,Heizkraftwerk Heilbronn,1966
BNA0434,hard coal,hard coal,255,778.0,311.20000000000005,0.44799999999999995,0.76,544.5999999999999,544.5999999999999,1.3,30.5,47.5,69.3,7,6,yes,550.0,DH_DE_Rem,Heizkraftwerk Heilbronn,1985
BNA0439,lignite,lignite,376,352.0,176.0,0.364,0.998,176.0,176.0,7.0,30.4,47.5,69.3,10,7,no,0.0,N/A,Buschhaus,1985
BNA0442,combined cycle gas turbine,natural gas,177,417.0,166.8,0.5720000000000001,0.353,354.45,354.45,4.0,24.0,34.2,46.7,5,6,no,0.0,N/A,Cuno Heizkraftwerk Herdecke,2007
BNA0444,combined cycle gas turbine,natural gas,180,109.5,43.800000000000004,0.392,0.515,93.075,93.075,4.0,23.0,34.2,46.7,5,6,yes,299.0,DH_DE_Ind,Wintershall,1967
BNA0449,hard coal,hard coal,92,280.0,112.0,0.39799999999999996,0.856,196.0,196.0,1.3,45.1,73.9,73.2,7,6,no,0.0,N/A,KW Herne,1966
BNA0450,hard coal,hard coal,92,449.0,179.60000000000002,0.45799999999999996,0.743,314.29999999999995,314.29999999999995,1.3,30.5,47.5,69.3,7,6,yes,550.0,DH_DE_Ruhr,KW Herne,1989
BNA0464,hard coal,hard coal,381,690.0,276.0,0.433,0.7859999999999999,482.99999999999994,482.99999999999994,1.3,30.5,47.5,69.3,7,6,no,0.0,N/A,KWM,1979
BNA0490a,lignite,lignite,168,40.0,20.0,0.38299999999999995,0.948,20.0,20.0,7.0,45.1,73.9,73.2,10,7,yes,105.0,DH_DE_Rem,Goldenberg,1993
BNA0490b,lignite,lignite,168,45.0,22.5,0.38299999999999995,0.948,22.5,22.5,7.0,45.1,73.9,73.2,10,7,no,0.0,N/A,Goldenberg,1993
BNA0491,lignite,lignite,168,52.0,26.0,0.37799999999999995,0.96,26.0,26.0,7.0,45.1,73.9,73.2,10,7,yes,137.0,DH_DE_Rem,Ville/Berrenrath,1991
BNA0493,hard coal,hard coal,440,794.0,317.6,0.44799999999999995,0.76,555.8,555.8,1.3,30.5,47.5,69.3,7,6,no,0.0,N/A,Ibbenbüren,1985
BNA0497,open cycle gas turbine,natural gas,31,96.5,24.125,0.41100000000000003,0.491,96.5,96.5,3.0,16.5,21.0,28.5,0,0,yes,126.0,DH_DE_Ind,ADS-Anlage,2012
BNA0498,hard coal,hard coal,31,66.0,26.400000000000002,0.491,0.693,46.199999999999996,46.199999999999996,1.3,45.1,73.9,73.2,7,6,yes,105.0,DH_DE_Ind,Heizkraftwerk,1989
BNA0499,combined cycle gas turbine,natural gas,31,86.0,34.4,0.5539999999999999,0.365,73.1,73.1,4.0,23.0,34.2,46.7,5,6,yes,204.0,DH_DE_Ind,Heizkraftwerk,2003
BNA0504,combined cycle gas turbine,natural gas,334,182.0,72.8,0.522,0.387,154.7,154.7,4.0,24.0,34.2,46.7,5,6,yes,225.0,DH_DE_Rem,HKW Jena,1996
BNA0510a,open cycle gas turbine,natural gas,243,11.6,2.9,0.373,0.541,11.6,11.6,3.0,19.5,34.5,43.5,0,0,yes,18.0,DH_DE_Ind,HKW Karcherstr.,1989
BNA0510b,hard coal,hard coal,243,13.4,5.36,0.415,0.82,9.379999999999999,9.379999999999999,1.3,45.1,73.9,73.2,7,6,yes,20.0,DH_DE_Rem,HKW Karcherstr.,1996
BNA0514,combined cycle gas turbine,natural gas,264,353.0,141.20000000000002,0.531,0.38,300.05,300.05,4.0,23.0,34.2,46.7,5,6,no,0.0,N/A,Rheinhafen-Dampfkraftwerk,1998
BNA0515,open cycle gas turbine,natural gas,263,37.0,9.25,0.36700000000000005,0.5489999999999999,37.0,37.0,3.0,19.5,34.5,43.5,0,0,yes,64.0,DH_DE_Rem,Heizkraftwerk West,1984
BNA0516,oil,oil,264,45.0,11.25,0.38,0.701,45.0,45.0,3.0,20.7,35.8,45.1,0,0,yes,64.0,DH_DE_Ind,MiRO,1995
BNA0517,oil,oil,264,25.0,6.25,0.38,0.701,25.0,25.0,3.0,20.7,35.8,45.1,0,0,yes,36.0,DH_DE_Ind,MiRO,1995
BNA0518a,hard coal,hard coal,264,505.0,202.0,0.43799999999999994,0.777,353.5,353.5,1.3,30.5,47.5,69.3,7,6,yes,259.0,DH_DE_Rem,Rheinhafen-Dampfkraftwerk,1985
BNA0518b,hard coal,hard coal,264,842.0,336.8,0.46,0.7390000000000001,589.4,589.4,1.3,30.5,47.5,69.3,7,6,yes,432.0,DH_DE_Rem,Rheinhafen-Dampfkraftwerk,2014
BNA0521,open cycle gas turbine,natural gas,226,50.0,12.5,0.371,0.544,50.0,50.0,3.0,19.5,34.5,43.5,0,0,yes,46.0,DH_DE_Rem,Kombi-HKW,1987
BNA0523,lignite,lignite,226,33.5,16.75,0.371,0.9790000000000001,16.75,16.75,7.0,45.1,73.9,73.2,10,7,yes,88.0,DH_DE_Rem,FKK,1988
BNA0526,hard coal,hard coal,433,323.0,129.20000000000002,0.405,0.84,226.1,226.1,1.3,30.5,47.5,69.3,7,6,yes,295.0,DH_DE_Rem,Gemeinschaftskraftwerk Kiel,1970
BNA0527,open cycle gas turbine,natural gas,433,31.0,7.75,0.35200000000000004,0.573,31.0,31.0,3.0,19.5,34.5,43.5,0,0,yes,74.0,DH_DE_Rem,HKW Humboldtstr.,1970
BNA0531,combined cycle gas turbine,natural gas,214,201.5,80.60000000000001,0.45,0.44799999999999995,171.275,171.275,4.0,23.0,34.2,46.7,5,6,no,0.0,N/A,KW Kirchlengern,1980
BNA0543,lignite,lignite,104,75.3,37.65,0.424,0.857,37.65,37.65,7.0,45.1,73.9,73.2,10,7,yes,100.0,DH_DE_Rem,HKW Merkenich,2010
BNA0544,combined cycle gas turbine,natural gas,111,35.0,14.0,0.513,0.39299999999999996,29.75,29.75,4.0,23.0,34.2,46.7,5,6,yes,32.0,DH_DE_Rem,HKW Südstadt,1994
BNA0545,combined cycle gas turbine,natural gas,109,413.0,165.20000000000002,0.5760000000000001,0.35,351.05,351.05,4.0,23.0,34.2,46.7,5,6,yes,370.0,DH_DE_Rem,HKW Niehl 2,2005
BNA0546,combined cycle gas turbine,natural gas,104,108.0,43.2,0.5579999999999999,0.36200000000000004,91.8,91.8,4.0,23.0,34.2,46.7,5,6,yes,80.0,DH_DE_Rem,HKW Merkenich,2004
BNA0547,oil,oil,106,80.0,20.0,0.38,0.7709999999999999,80.0,80.0,3.0,20.7,35.8,45.1,0,0,yes,235.0,DH_DE_Ind,Raffineriekraftwerk Köln Godorf,2004
BNA0548a,combined cycle gas turbine,natural gas,168,800.0,320.0,0.5670000000000001,0.35600000000000004,680.0,680.0,4.0,23.0,34.2,46.7,5,6,no,0.0,N/A,Knapsack Gas I,2006
BNA0548b,combined cycle gas turbine,natural gas,168,430.0,172.0,0.599,0.337,365.5,365.5,4.0,23.0,34.2,46.7,5,6,no,0.0,N/A,Knapsack Gas II,2013
BNA0556a,open cycle gas turbine,natural gas,88,25.8,6.45,0.389,0.518,25.8,25.8,3.0,19.5,34.5,43.5,0,0,yes,15.0,DH_DE_Ind,KWK-Anlage Krefeld DT,2005
BNA0556b,open cycle gas turbine,natural gas,8,14.0,3.5,0.44799999999999995,0.451,14.0,14.0,3.0,16.5,21.0,28.5,0,0,yes,8.0,DH_DE_Ind,KWK-Anlage Krefeld VM,1995
BNA0557a,hard coal,hard coal,83,26.0,10.4,0.318,1.071,18.2,18.2,1.3,45.1,73.9,73.2,7,6,yes,47.0,DH_DE_Ind,Kraftwerk L 57,1957
BNA0557b,hard coal,hard coal,83,110.0,44.0,0.353,0.965,77.0,77.0,1.3,45.1,73.9,73.2,7,6,yes,314.0,DH_DE_Ind,Kraftwerk N 230,1971
BNA0574a,open cycle gas turbine,natural gas,386,56.0,14.0,0.355,0.568,56.0,56.0,3.0,16.5,21.0,28.5,0,0,no,0.0,N/A,Landesbergen Gas,1973
BNA0588,combined cycle gas turbine,natural gas,345,167.0,66.8,0.585,0.345,141.95,141.95,4.0,24.0,34.2,46.7,5,6,yes,200.0,DH_DE_Rem,Heizkraftwerk Leipzig-Nord,1996
BNA0592,combined cycle gas turbine,natural gas,143,52.0,20.8,0.531,0.38,44.199999999999996,44.199999999999996,4.0,23.0,34.2,46.7,5,6,yes,42.0,DH_DE_Ind,GuD Leuna,1998
BNA0593,combined cycle gas turbine,natural gas,143,35.0,14.0,0.513,0.39299999999999996,29.75,29.75,4.0,23.0,34.2,46.7,5,6,yes,25.0,DH_DE_Ind,ILK-GuD,1994
BNA0594,combined cycle gas turbine,natural gas,143,35.0,14.0,0.513,0.39299999999999996,29.75,29.75,4.0,23.0,34.2,46.7,5,6,yes,25.0,DH_DE_Ind,ILK-GuD,1994
BNA0595,combined cycle gas turbine,natural gas,143,37.0,14.8,0.513,0.39299999999999996,31.45,31.45,4.0,24.0,34.2,46.7,5,6,yes,26.0,DH_DE_Ind,ILK-GuD,1994
BNA0596,oil,oil,143,92.5,23.125,0.38,0.7709999999999999,92.5,92.5,3.0,20.7,35.8,45.1,0,0,yes,208.0,DH_DE_Ind,Raffineriekraftwerk,1997
BNA0600a,open cycle gas turbine,natural gas,110,27.0,6.75,0.364,0.5539999999999999,27.0,27.0,3.0,19.5,34.5,43.5,0,0,yes,54.0,DH_DE_Ind,X-Kraftwerk,1981
BNA0600b,hard coal,hard coal,83,103.0,41.2,0.33,1.031,72.1,72.1,1.3,45.1,73.9,73.2,7,6,yes,178.0,DH_DE_Ind,G-Kraftwerk,1962
BNA0602,combined cycle gas turbine,natural gas,392,116.0,46.400000000000006,0.59,0.342,98.6,98.6,4.0,23.0,34.2,46.7,5,6,no,0.0,N/A,Emsland,2011
BNA0603,combined cycle gas turbine,natural gas,392,116.0,46.400000000000006,0.59,0.342,98.6,98.6,4.0,23.0,34.2,46.7,5,6,no,0.0,N/A,Emsland,2011
BNA0604,combined cycle gas turbine,natural gas,392,359.0,143.6,0.419,0.48200000000000004,305.15,305.15,4.0,23.0,34.2,46.7,5,6,no,0.0,N/A,Emsland,1973
BNA0605,combined cycle gas turbine,natural gas,392,359.0,143.6,0.423,0.47700000000000004,305.15,305.15,4.0,24.0,34.2,46.7,5,6,no,0.0,N/A,Emsland,1974
BNA0606,combined cycle gas turbine,natural gas,392,887.0,354.8,0.585,0.345,753.9499999999999,753.9499999999999,4.0,23.0,34.2,46.7,5,6,no,0.0,N/A,Emsland,2010
BNA0607,nuclear,uranium,392,1336.0,534.4,0.33,0.0,801.6,801.6,6.0,140.0,140.0,140.0,72,10,no,0.0,N/A,Kernkraftwerk Emsland,1988
BNA0614a,open cycle gas turbine,natural gas,250,43.0,10.75,0.359,0.562,43.0,43.0,3.0,16.5,21.0,28.5,0,0,yes,66.0,DH_DE_Ind,KW Mitte,1992
BNA0614b,combined cycle gas turbine,natural gas,250,490.0,196.0,0.563,0.359,416.5,416.5,4.0,23.0,34.2,46.7,5,6,yes,540.0,DH_DE_Ind,Kraftwerk Mitte,2005
BNA0615,combined cycle gas turbine,natural gas,250,390.0,156.0,0.527,0.38299999999999995,331.5,331.5,4.0,23.0,34.2,46.7,5,6,yes,420.0,DH_DE_Ind,Kraftwerk Süd,1997
BNA0618,hard coal,hard coal,91,149.0,59.6,0.415,0.82,104.3,104.3,1.3,45.1,73.9,73.2,7,6,no,0.0,N/A,KW Lünen,1962
BNA0619,hard coal,hard coal,91,324.0,129.6,0.418,0.815,226.79999999999998,226.79999999999998,1.3,30.5,47.5,69.3,7,6,yes,589.0,DH_DE_Ind,KW Lünen,1969
BNA0626,combined cycle gas turbine,natural gas,200,434.2,173.68,0.545,0.371,369.07,369.07,4.0,23.0,34.2,46.7,5,6,yes,220.0,DH_DE_Rem,Kraftwerk Mainz,2001
BNA0627,combined cycle gas turbine,natural gas,200,335.0,134.0,0.43700000000000006,0.462,284.75,284.75,4.0,23.0,34.2,46.7,5,6,yes,172.0,DH_DE_Rem,Kraftwerk Mainz,1977
BNA0643,hard coal,hard coal,252,202.5,81.0,0.35,0.972,141.75,141.75,1.3,45.1,73.9,73.2,7,6,no,0.0,N/A,GKM ,1970
BNA0644,hard coal,hard coal,252,255.0,102.0,0.43799999999999994,0.777,178.5,178.5,1.3,45.1,73.9,73.2,7,6,yes,204.0,DH_DE_Mannheim,GKM ,2005
BNA0645,hard coal,hard coal,34,425.0,170.0,0.38,0.895,297.5,297.5,1.3,30.5,47.5,69.3,7,6,yes,250.0,DH_DE_Mannheim,GKM ,1982
BNA0646a,hard coal,hard coal,252,435.0,174.0,0.408,0.835,304.5,304.5,1.3,30.5,47.5,69.3,7,6,yes,121.0,DH_DE_Mannheim,GKM ,1993
BNA0646b,hard coal,hard coal,34,843.0,337.20000000000005,0.46299999999999997,0.735,590.0999999999999,590.0999999999999,1.3,30.5,47.5,69.3,7,6,yes,121.0,DH_DE_Mannheim,GKM ,2015
BNA0647,oil,oil,270,77.4,19.35,0.305,0.873,77.4,77.4,3.0,20.7,35.8,45.1,0,0,no,0.0,N/A,Dampfkraftwerk Marbach am Neckar,1971
BNA0648,oil,oil,270,85.0,21.25,0.38,0.7,85.0,85.0,3.0,20.7,35.8,45.1,0,0,no,0.0,N/A,Dampfkraftwerk Marbach am Neckar,1975
BNA0649,oil,oil,270,262.0,65.5,0.38,0.7,262.0,262.0,3.0,20.7,35.8,45.1,0,0,no,0.0,N/A,Dampfkraftwerk Marbach am Neckar,1975
BNA0658,combined cycle gas turbine,natural gas,148,61.1,24.44,0.5539999999999999,0.365,51.935,51.935,4.0,24.0,34.2,46.7,5,6,yes,122.0,DH_DE_Ind,Kraftwerk III,1973
BNA0659,combined cycle gas turbine,natural gas,148,77.6,31.04,0.5539999999999999,0.365,65.96,65.96,4.0,23.0,34.2,46.7,5,6,yes,155.0,DH_DE_Ind,Kraftwerk III,1974
BNA0660,hard coal,hard coal,148,55.3,22.12,0.353,0.965,38.709999999999994,38.709999999999994,1.3,45.1,73.9,73.2,7,6,yes,158.0,DH_DE_Ind,Kraftwerk I  ,1971
BNA0661,hard coal,hard coal,148,60.4,24.16,0.34,1.0,42.279999999999994,42.279999999999994,1.3,45.1,73.9,73.2,7,6,yes,110.0,DH_DE_Ind,Kraftwerk II,1966
BNA0662a,hard coal,hard coal,148,60.2,24.080000000000002,0.38299999999999995,0.889,42.14,42.14,1.3,45.1,73.9,73.2,7,6,yes,116.0,DH_DE_Ind,Kraftwerk I ,1983
BNA0662b,hard coal,hard coal,148,120.0,48.0,0.273,1.248,84.0,84.0,1.3,45.1,73.9,73.2,7,6,yes,218.0,DH_DE_Ind,Kraftwerk I,1939
BNA0680,lignite,lignite,341,60.0,30.0,0.32299999999999995,1.124,30.0,30.0,7.0,45.1,73.9,73.2,10,7,no,0.0,N/A,Mumsdorf,1968
BNA0681,open cycle gas turbine,natural gas,308,78.6,19.65,0.315,0.6409999999999999,78.6,78.6,3.0,16.5,21.0,28.5,0,0,yes,260.0,DH_DE_Muenchen,Freimann GT 1,1975
BNA0682,open cycle gas turbine,natural gas,308,78.6,19.65,0.315,0.6409999999999999,78.6,78.6,3.0,16.5,21.0,28.5,0,0,no,0.0,N/A,Freimann GT 2,1975
BNA0683a,combined cycle gas turbine,natural gas,308,79.7,31.880000000000003,0.45,0.44799999999999995,67.745,67.745,4.0,24.0,34.2,46.7,5,6,yes,177.0,DH_DE_Muenchen,Süd DT1,1980
BNA0683b,combined cycle gas turbine,natural gas,308,97.9,39.160000000000004,0.45,0.44799999999999995,83.215,83.215,4.0,23.0,34.2,46.7,5,6,yes,177.0,DH_DE_Muenchen,Süd GT3,1980
BNA0683c,combined cycle gas turbine,natural gas,308,97.9,39.160000000000004,0.45,0.44799999999999995,83.215,83.215,4.0,24.0,34.2,46.7,5,6,yes,184.0,DH_DE_Muenchen,Süd GT2,1980
BNA0684a,combined cycle gas turbine,natural gas,308,124.9,49.96000000000001,0.5579999999999999,0.36200000000000004,106.165,106.165,4.0,23.0,34.2,46.7,5,6,yes,184.0,DH_DE_Muenchen,Süd GT 61,2004
BNA0684b,combined cycle gas turbine,natural gas,308,123.9,49.56,0.5579999999999999,0.36200000000000004,105.315,105.315,4.0,23.0,34.2,46.7,5,6,yes,110.0,DH_DE_Muenchen,Süd GT 62,2004
BNA0684c,combined cycle gas turbine,natural gas,308,127.6,51.04,0.5579999999999999,0.36200000000000004,108.46,108.46,4.0,24.0,34.2,46.7,5,6,yes,181.0,DH_DE_Muenchen,Süd DT60,2004
BNA0685,combined cycle gas turbine,natural gas,35,100.2,40.080000000000005,0.563,0.359,85.17,85.17,4.0,23.0,34.2,46.7,5,6,yes,120.0,DH_DE_Rem,Heizkraftwerk Hafen,2005
BNA0686,nuclear,uranium,257,1310.0,524.0,0.33,0.0,786.0,786.0,6.0,140.0,140.0,140.0,72,10,no,0.0,N/A,Gemeinschaftskernkraftwerk Neckarwestheim II,1989
BNA0688,combined cycle gas turbine,natural gas,137,75.0,30.0,0.527,0.38299999999999995,63.75,63.75,4.0,23.0,34.2,46.7,5,6,yes,60.0,DH_DE_Rem,GuD-HKW Neubrandenburg,1997
BNA0696,lignite,lignite,164,277.0,138.5,0.33299999999999996,1.092,138.5,138.5,7.0,45.1,73.9,73.2,10,7,no,0.0,N/A,Neurath,1972
BNA0697,lignite,lignite,164,288.0,144.0,0.33299999999999996,1.092,144.0,144.0,7.0,45.1,73.9,73.2,10,7,no,0.0,N/A,Neurath,1972
BNA0698,lignite,lignite,164,292.0,146.0,0.335,1.084,146.0,146.0,7.0,45.1,73.9,73.2,10,7,no,0.0,N/A,Neurath,1973
BNA0699,lignite,lignite,164,607.0,303.5,0.34,1.069,303.5,303.5,7.0,30.4,47.5,69.3,10,7,no,0.0,N/A,Neurath,1975
BNA0700,lignite,lignite,164,604.0,302.0,0.342,1.061,302.0,302.0,7.0,30.4,47.5,69.3,10,7,no,0.0,N/A,Neurath,1976
BNA0702,open cycle gas turbine,natural gas,314,25.4,6.35,0.381,0.53,25.4,25.4,3.0,19.5,34.5,43.5,0,0,yes,39.0,DH_DE_Ind,Cogeneration,1996
BNA0705,lignite,lignite,165,297.0,148.5,0.32299999999999995,1.124,148.5,148.5,7.0,45.1,73.9,73.2,10,7,no,0.0,N/A,Niederaußem,1968
BNA0706,lignite,lignite,165,299.0,149.5,0.33,1.1,149.5,149.5,7.0,45.1,73.9,73.2,10,7,no,0.0,N/A,Niederaußem,1971
BNA0707,lignite,lignite,165,648.0,324.0,0.42200000000000004,0.862,324.0,324.0,7.0,30.4,47.5,69.3,10,7,no,0.0,N/A,Niederaußem,1974
BNA0708,lignite,lignite,165,653.0,326.5,0.419,0.867,326.5,326.5,7.0,30.4,47.5,69.3,10,7,yes,335.0,DH_DE_Rem,Niederaußem,1974
BNA0709,lignite,lignite,165,944.0,472.0,0.405,0.897,472.0,472.0,7.0,30.4,47.5,69.3,10,7,no,0.0,N/A,Niederaußem,2002
BNA0712,lignite,lignite,165,294.0,147.0,0.316,1.15,147.0,147.0,7.0,45.1,73.9,73.2,10,7,no,0.0,N/A,Niederaußem,1965
BNA0713,lignite,lignite,165,295.0,147.5,0.32799999999999996,1.1079999999999999,147.5,147.5,7.0,45.1,73.9,73.2,10,7,no,0.0,N/A,Niederaußem,1970
BNA0714,lignite,lignite,165,15.0,7.5,0.36200000000000004,1.005,7.5,7.5,7.0,45.1,73.9,73.2,10,7,yes,39.0,DH_DE_Ind,Fortuna Nord,1984
BNA0734,open cycle gas turbine,natural gas,365,37.5,9.375,0.35100000000000003,0.574,37.5,37.5,3.0,16.5,21.0,28.5,0,0,no,0.0,N/A,Thyrow,1989
BNA0735,open cycle gas turbine,natural gas,365,37.5,9.375,0.35100000000000003,0.574,37.5,37.5,3.0,16.5,21.0,28.5,0,0,no,0.0,N/A,Thyrow,1989
BNA0736,open cycle gas turbine,natural gas,365,37.5,9.375,0.35100000000000003,0.574,37.5,37.5,3.0,16.5,21.0,28.5,0,0,no,0.0,N/A,Thyrow,1989
BNA0737,open cycle gas turbine,natural gas,365,37.5,9.375,0.35100000000000003,0.574,37.5,37.5,3.0,16.5,21.0,28.5,0,0,no,0.0,N/A,Thyrow,1989
BNA0738,open cycle gas turbine,natural gas,365,36.5,9.125,0.34600000000000003,0.583,36.5,36.5,3.0,16.5,21.0,28.5,0,0,no,0.0,N/A,Thyrow,1987
BNA0739,open cycle gas turbine,natural gas,365,36.5,9.125,0.34600000000000003,0.583,36.5,36.5,3.0,16.5,21.0,28.5,0,0,no,0.0,N/A,Thyrow,1987
BNA0740,open cycle gas turbine,natural gas,365,36.5,9.125,0.34600000000000003,0.583,36.5,36.5,3.0,16.5,21.0,28.5,0,0,no,0.0,N/A,Thyrow,1987
BNA0741,open cycle gas turbine,natural gas,365,36.5,9.125,0.34600000000000003,0.583,36.5,36.5,3.0,16.5,21.0,28.5,0,0,no,0.0,N/A,Thyrow,1987
BNA0742,combined cycle gas turbine,natural gas,324,75.0,30.0,0.563,0.359,63.75,63.75,4.0,24.0,34.2,46.7,5,6,yes,160.0,DH_DE_Nuernberg,HKW Sandreuth,2005
BNA0743,combined cycle gas turbine,natural gas,324,75.0,30.0,0.563,0.359,63.75,63.75,4.0,23.0,34.2,46.7,5,6,yes,160.0,DH_DE_Nuernberg,HKW Sandreuth,2005
BNA0744,combined cycle gas turbine,natural gas,324,383.0,153.20000000000002,0.419,0.48200000000000004,325.55,325.55,4.0,24.0,34.2,46.7,5,6,no,0.0,N/A,Franken 1,1973
BNA0745,combined cycle gas turbine,natural gas,324,440.0,176.0,0.43200000000000005,0.467,374.0,374.0,4.0,23.0,34.2,46.7,5,6,no,0.0,N/A,Franken 1,1976
BNA0752,open cycle gas turbine,natural gas,84,23.1,5.775,0.354,0.57,23.1,23.1,3.0,19.5,34.5,43.5,0,0,yes,43.0,DH_DE_Rem,HKW 1,1972
BNA0753,open cycle gas turbine,natural gas,84,24.5,6.125,0.38,0.532,24.5,24.5,3.0,19.5,34.5,43.5,0,0,yes,38.0,DH_DE_Rem,HKW 2,1995
BNA0755a,combined cycle gas turbine,natural gas,128,36.0,14.4,0.18,1.121,30.599999999999998,30.599999999999998,4.0,23.0,34.2,46.7,5,6,yes,67.0,DH_DE_Ind,Obernburg,1920
BNA0755b,combined cycle gas turbine,natural gas,128,64.0,25.6,0.518,0.39,54.4,54.4,4.0,23.0,34.2,46.7,5,6,yes,98.0,DH_DE_Ind,Obernburg,1995
BNA0758,hard coal,hard coal,72,54.0,21.6,0.4,0.85,37.8,37.8,1.3,45.1,73.9,73.2,7,6,yes,36.0,DH_DE_Rem,Heizkraftwerk Offenbach,1990
BNA0759,oil,oil,431,88.0,22.0,0.354,0.7509999999999999,88.0,88.0,3.0,20.7,35.8,45.1,0,0,no,0.0,N/A,Itzehoe,1972
BNA0766,oil,oil,436,87.0,21.75,0.355,0.7490000000000001,87.0,87.0,3.0,20.7,35.8,45.1,0,0,no,0.0,N/A,Audorf,1973
BNA0785,lignite,lignite,357,465.0,232.5,0.39,0.9309999999999999,232.5,232.5,7.0,30.4,47.5,69.3,10,7,yes,388.0,DH_DE_Rem,KW Jänschwalde,1981
BNA0786,lignite,lignite,357,465.0,232.5,0.39,0.9309999999999999,232.5,232.5,7.0,30.4,47.5,69.3,10,7,no,0.0,N/A,KW Jänschwalde,1982
BNA0787,lignite,lignite,357,465.0,232.5,0.39,0.9309999999999999,232.5,232.5,7.0,30.4,47.5,69.3,10,7,no,0.0,N/A,KW Jänschwalde,1984
BNA0788,lignite,lignite,357,465.0,232.5,0.39,0.9309999999999999,232.5,232.5,7.0,30.4,47.5,69.3,10,7,no,0.0,N/A,KW Jänschwalde,1985
BNA0789,lignite,lignite,357,465.0,232.5,0.39,0.9309999999999999,232.5,232.5,7.0,30.4,47.5,69.3,10,7,no,0.0,N/A,KW Jänschwalde,1987
BNA0790,lignite,lignite,357,465.0,232.5,0.39,0.9309999999999999,232.5,232.5,7.0,30.4,47.5,69.3,10,7,no,0.0,N/A,KW Jänschwalde,1989
BNA0793,hard coal,hard coal,60,875.0,350.0,0.39299999999999996,0.866,612.5,612.5,1.3,30.5,47.5,69.3,7,6,no,0.0,N/A,Heyden,1987
BNA0799,open cycle gas turbine,natural gas,265,11.3,2.825,0.35100000000000003,0.575,11.3,11.3,3.0,19.5,34.5,43.5,0,0,yes,29.0,DH_DE_Rem,Heizkraftwerk Pforzheim GmbH,1969
BNA0800,combined cycle gas turbine,natural gas,265,41.2,16.48,0.45,0.44799999999999995,35.02,35.02,4.0,23.0,34.2,46.7,5,6,yes,82.0,DH_DE_Rem,Heizkraftwerk Pforzheim GmbH,1980
BNA0801,hard coal,hard coal,265,26.9,10.76,0.4,0.85,18.83,18.83,1.3,45.1,73.9,73.2,7,6,yes,40.0,DH_DE_Rem,Heizkraftwerk Pforzheim GmbH,1990
BNA0802,nuclear,uranium,261,1402.0,560.8000000000001,0.33,0.0,841.1999999999999,841.1999999999999,6.0,140.0,140.0,140.0,72,10,no,0.0,N/A,Kernkraftwerk Philippsburg 2,1985
BNA0804a,open cycle gas turbine,natural gas,180,35.0,8.75,0.34299999999999997,0.588,35.0,35.0,3.0,19.5,34.5,43.5,0,0,no,0.0,N/A,Hattorf,1962
BNA0804b,open cycle gas turbine,natural gas,180,17.3,4.325,0.39899999999999997,0.505,17.3,17.3,3.0,19.5,34.5,43.5,0,0,yes,25.0,DH_DE_Ind,Hattorf,2013
BNA0805,combined cycle gas turbine,natural gas,129,97.9,39.160000000000004,0.585,0.345,83.215,83.215,4.0,23.0,34.2,46.7,5,6,yes,150.0,DH_DE_Ind,Kraftwerk Plattling,2010
BNA0810,open cycle gas turbine,natural gas,203,65.0,16.25,0.312,0.6459999999999999,65.0,65.0,3.0,16.5,21.0,28.5,0,0,no,0.0,N/A,Kraftwerk Veltheim,1974
BNA0813,hard coal,hard coal,203,303.0,121.2,0.35,0.972,212.1,212.1,1.3,30.5,47.5,69.3,7,6,no,0.0,N/A,Kraftwerk Veltheim,1970
BNA0814,open cycle gas turbine,natural gas,371,81.8,20.45,0.381,0.53,81.8,81.8,3.0,19.5,34.5,43.5,0,0,yes,65.0,DH_DE_Rem,HKW Potsdam-Süd,1996
BNA0820,hard coal,hard coal,238,655.6,262.24,0.365,0.932,458.91999999999996,458.91999999999996,1.3,30.5,47.5,69.3,7,6,no,0.0,N/A,Weiher,1976
BNA0832,open cycle gas turbine,natural gas,277,9.8,2.45,0.457,0.441,9.8,9.8,3.0,16.5,21.0,28.5,0,0,yes,14.0,DH_DE_Ind,BHKW-Hauffstraße,2011
BNA0834,open cycle gas turbine,natural gas,95,79.0,19.75,0.315,0.6409999999999999,79.0,79.0,3.0,16.5,21.0,28.5,0,0,yes,105.0,DH_DE_Ind,Solvay Kraftwerk Rheinberg,1975
BNA0842a,open cycle gas turbine,natural gas,305,9.8,2.45,0.457,0.441,9.8,9.8,3.0,16.5,21.0,28.5,0,0,yes,14.0,DH_DE_Rem,Gasmotore,2011
BNA0842b,open cycle gas turbine,natural gas,305,9.2,2.3,0.46,0.439,9.2,9.2,3.0,16.5,21.0,28.5,0,0,yes,13.0,DH_DE_Rem,Gasmotor 4,2013
BNA0843,open cycle gas turbine,natural gas,305,4.3,1.075,0.45899999999999996,0.44,4.3,4.3,3.0,16.5,21.0,28.5,0,0,yes,6.0,DH_DE_Rem,Gasmotor 5,2012
BNA0848,combined cycle gas turbine,natural gas,422,108.0,43.2,0.522,0.387,91.8,91.8,4.0,24.0,34.2,46.7,5,6,yes,120.0,DH_DE_Rem,GuD Marienehe,1996
BNA0849,hard coal,hard coal,422,514.0,205.60000000000002,0.41,0.83,359.79999999999995,359.79999999999995,1.3,30.5,47.5,69.3,7,6,no,0.0,N/A,KNG Kraftwerk Rostock,1994
BNA0856,open cycle gas turbine,natural gas,331,26.5,6.625,0.39399999999999996,0.512,26.5,26.5,3.0,19.5,34.5,43.5,0,0,no,0.0,N/A,HKW Schwarza,1936
BNA0857,combined cycle gas turbine,natural gas,200,112.1,44.84,0.536,0.377,95.285,95.285,4.0,24.0,34.2,46.7,5,6,yes,88.0,DH_DE_Ind,GuD-Anlage Rüsselsheim,1999
BNA0861a,combined cycle gas turbine,natural gas,238,75.0,30.0,0.594,0.34,63.75,63.75,4.0,23.0,34.2,46.7,5,6,yes,117.0,DH_DE_Rem,HKW Römerbrücke,2012
BNA0861b,hard coal,hard coal,238,50.0,20.0,0.43799999999999994,0.777,35.0,35.0,1.3,45.1,73.9,73.2,7,6,yes,117.0,DH_DE_Rem,HKW Römerbrücke,1988
BNA0878,lignite,lignite,143,450.0,225.0,0.39,0.9309999999999999,225.0,225.0,7.0,30.4,47.5,69.3,10,7,no,0.0,N/A,Schkopau,1996
BNA0879,lignite,lignite,143,450.0,225.0,0.39,0.9309999999999999,225.0,225.0,7.0,30.4,47.5,69.3,10,7,yes,231.0,DH_DE_Rem,Schkopau,1996
BNA0893,combined cycle gas turbine,natural gas,358,122.0,48.800000000000004,0.513,0.39299999999999996,103.7,103.7,4.0,24.0,34.2,46.7,5,6,yes,209.0,DH_DE_Ind,GuD Schwarzheide,1994
BNA0894a,oil,oil,360,28.0,7.0,0.354,0.8270000000000001,28.0,28.0,3.0,20.7,35.8,45.1,0,0,yes,72.0,DH_DE_Ind,IKS PCK Schwedt,1972
BNA0894b,oil,oil,360,34.5,8.625,0.37799999999999995,0.774,34.5,34.5,3.0,20.7,35.8,45.1,0,0,no,0.0,N/A,IKS PCK Schwedt,1994
BNA0894c,oil,oil,360,106.0,26.5,0.38299999999999995,0.765,106.0,106.0,3.0,20.7,35.8,45.1,0,0,yes,106.0,DH_DE_Ind,IKS PCK Schwedt,1997
BNA0894d,oil,oil,360,106.0,26.5,0.38299999999999995,0.765,106.0,106.0,3.0,20.7,35.8,45.1,0,0,yes,106.0,DH_DE_Ind,IKS PCK Schwedt,1998
BNA0894e,oil,oil,360,59.0,14.75,0.397,0.738,59.0,59.0,3.0,20.7,35.8,45.1,0,0,no,0.0,N/A,IKS PCK Schwedt,2011
BNA0896,open cycle gas turbine,natural gas,416,44.9,11.225,0.37799999999999995,0.5329999999999999,44.9,44.9,3.0,19.5,34.5,43.5,0,0,yes,36.0,DH_DE_Rem,HKW Schwerin Süd,1994
BNA0897,open cycle gas turbine,natural gas,416,23.0,5.75,0.37799999999999995,0.5329999999999999,23.0,23.0,3.0,19.5,34.5,43.5,0,0,no,0.0,N/A,HKW Schwerin Lankow,1994
BNA0914,lignite,lignite,355,750.0,375.0,0.39299999999999996,0.925,375.0,375.0,7.0,30.4,47.5,69.3,10,7,yes,385.0,DH_DE_Rem,Schwarze Pumpe,1997
BNA0915,lignite,lignite,355,750.0,375.0,0.395,0.919,375.0,375.0,7.0,30.4,47.5,69.3,10,7,no,0.0,N/A,Schwarze Pumpe,1998
BNA0918a,open cycle gas turbine,natural gas,64,190.0,47.5,0.354,0.57,190.0,190.0,3.0,19.5,34.5,43.5,0,0,no,0.0,N/A,Dow Stade,1972
BNA0918b,combined cycle gas turbine,natural gas,64,173.0,69.2,0.603,0.335,147.04999999999998,147.04999999999998,4.0,24.0,34.2,46.7,5,6,yes,333.0,DH_DE_Ind,Dow Stade,2014
BNA0922,combined cycle gas turbine,natural gas,373,132.0,52.800000000000004,0.522,0.387,112.2,112.2,4.0,23.0,34.2,46.7,5,6,yes,160.0,DH_DE_Ind,GuD-Ikw Staßfurt,1996
BNA0926b,hard coal,hard coal,128,24.8,9.920000000000002,0.348,0.9790000000000001,17.36,17.36,1.3,45.1,73.9,73.2,7,6,yes,45.0,DH_DE_Ind,Heizkraftwerk der Sappi Stockstadt GmbH,1969
BNA0934,hard coal,hard coal,273,22.6,9.040000000000001,0.44799999999999995,0.76,15.82,15.82,1.3,45.1,73.9,73.2,7,6,yes,43.0,DH_DE_Neckar,Heizkraftwerk Stuttgart-Gaisburg,2009
BNA0935,hard coal,hard coal,273,45.0,18.0,0.38,0.895,31.499999999999996,31.499999999999996,1.3,45.1,73.9,73.2,7,6,yes,129.0,DH_DE_Neckar,Restmüll-Heizkraftwerk Stuttgart-Münster,1982
BNA0936,hard coal,hard coal,273,45.0,18.0,0.385,0.883,31.499999999999996,31.499999999999996,1.3,45.1,73.9,73.2,7,6,yes,129.0,DH_DE_Neckar,Restmüll-Heizkraftwerk Stuttgart-Münster,1984
BNA0937,oil,oil,273,23.3,5.825,0.312,0.851,23.3,23.3,3.0,20.7,35.8,45.1,0,0,no,0.0,N/A,Restmüll-Heizkraftwerk Stuttgart-Münster,1974
BNA0938,oil,oil,273,23.3,5.825,0.312,0.851,23.3,23.3,3.0,20.7,35.8,45.1,0,0,no,0.0,N/A,Restmüll-Heizkraftwerk Stuttgart-Münster,1974
BNA0939b,oil,oil,273,23.3,5.825,0.312,0.851,23.3,23.3,3.0,20.7,35.8,45.1,0,0,no,0.0,N/A,Restmüll-Heizkraftwerk Stuttgart-Münster,1974
BNA0957,open cycle gas turbine,natural gas,276,13.4,3.35,0.385,0.524,13.4,13.4,3.0,19.5,34.5,43.5,0,0,yes,18.0,DH_DE_Rem,BHKW Obere Viehweide,2000
BNA0969b,hard coal,hard coal,308,332.7,133.08,0.40299999999999997,0.845,232.89,232.89,1.3,30.5,47.5,69.3,7,6,yes,300.0,DH_DE_Muenchen,Nord 2,1991
BNA0989,hard coal,hard coal,86,318.0,127.2,0.353,0.965,222.6,222.6,1.3,30.5,47.5,69.3,7,6,no,0.0,N/A,KW West,1971
BNA0990,hard coal,hard coal,86,322.0,128.8,0.353,0.965,225.39999999999998,225.39999999999998,1.3,30.5,47.5,69.3,7,6,no,0.0,N/A,KW West,1971
BNA0991,hard coal,hard coal,86,695.0,278.0,0.43799999999999994,0.777,486.49999999999994,486.49999999999994,1.3,30.5,47.5,69.3,7,6,no,0.0,N/A,KW Voerde,1982
BNA0992,hard coal,hard coal,86,695.0,278.0,0.43799999999999994,0.777,486.49999999999994,486.49999999999994,1.3,30.5,47.5,69.3,7,6,no,0.0,N/A,KW Voerde,1985
BNA0993,open cycle gas turbine,natural gas,312,415.0,103.75,0.35600000000000004,0.5660000000000001,415.0,415.0,3.0,19.5,34.5,43.5,0,0,no,0.0,N/A,Irsching,1974
BNA0994,combined cycle gas turbine,natural gas,312,846.0,338.40000000000003,0.585,0.345,719.1,719.1,4.0,24.0,34.2,46.7,5,6,no,0.0,N/A,Gemeinschaftskraftwerk Irsching ,2010
BNA0995,combined cycle gas turbine,natural gas,312,545.0,218.0,0.59,0.342,463.25,463.25,4.0,23.0,34.2,46.7,5,6,no,0.0,N/A,Ulrich Hartmann (Irsching),2011
BNA0998,hard coal,hard coal,26,179.0,71.60000000000001,0.38,0.895,125.3,125.3,1.3,45.1,73.9,73.2,7,6,yes,210.0,DH_DE_Saar,Modellkraftwerk,1982
BNA0999,hard coal,hard coal,26,211.0,84.4,0.39799999999999996,0.856,147.7,147.7,1.3,45.1,73.9,73.2,7,6,yes,185.0,DH_DE_Saar,Heizkraftwerk,1989
BNA1002,lignite,lignite,341,31.0,15.5,0.386,0.9420000000000001,15.5,15.5,7.0,45.1,73.9,73.2,10,7,yes,52.0,DH_DE_Rem,Wählitz,1994
BNA1004,oil,oil,270,136.0,34.0,0.331,0.805,136.0,136.0,3.0,20.7,35.8,45.1,0,0,no,0.0,N/A,Kraftwerk Walheim,1981
BNA1005,hard coal,hard coal,270,96.0,38.400000000000006,0.45299999999999996,0.752,67.19999999999999,67.19999999999999,1.3,45.1,73.9,73.2,7,6,no,0.0,N/A,Kraftwerk Walheim,1964
BNA1006,hard coal,hard coal,270,148.0,59.2,0.45299999999999996,0.752,103.6,103.6,1.3,45.1,73.9,73.2,7,6,no,0.0,N/A,Kraftwerk Walheim,1967
BNA1007a,oil,oil,302,24.0,6.0,0.349,0.763,24.0,24.0,3.0,20.7,35.8,45.1,0,0,no,0.0,N/A,SKW Gasturbine,1988
BNA1007b,oil,oil,302,10.5,2.625,0.361,0.737,10.5,10.5,3.0,20.7,35.8,45.1,0,0,no,0.0,N/A,SKW Diesel,1978
BNA1015,oil,oil,410,50.5,12.625,0.307,0.866,50.5,50.5,3.0,20.7,35.8,45.1,0,0,no,0.0,N/A,Wedel,1972
BNA1016,oil,oil,410,50.5,12.625,0.307,0.866,50.5,50.5,3.0,20.7,35.8,45.1,0,0,no,0.0,N/A,Wedel,1972
BNA1025,lignite,lignite,169,312.0,156.0,0.316,1.15,156.0,156.0,7.0,30.4,47.5,69.3,10,7,no,0.0,N/A,Weisweiler,1965
BNA1026,lignite,lignite,169,304.0,152.0,0.321,1.1320000000000001,152.0,152.0,7.0,30.4,47.5,69.3,10,7,no,0.0,N/A,Weisweiler,1967
BNA1027,lignite,lignite,169,592.0,296.0,0.33799999999999997,1.0759999999999998,296.0,296.0,7.0,30.4,47.5,69.3,10,7,yes,304.0,DH_DE_Rem,Weisweiler,1974
BNA1028,lignite,lignite,169,592.0,296.0,0.34,1.069,296.0,296.0,7.0,30.4,47.5,69.3,10,7,no,0.0,N/A,Weisweiler,1975
BNA1037,hard coal,hard coal,3676,310.0,124.0,0.38,0.895,217.0,217.0,1.3,30.5,47.5,69.3,7,6,no,0.0,N/A,Kraftwerk Werdohl-Elverlingsen,1982
BNA1039,combined cycle gas turbine,natural gas,145,55.0,22.0,0.419,0.48200000000000004,46.75,46.75,4.0,23.0,34.2,46.7,5,6,no,0.0,N/A,Gersteinwerk,1973
BNA1040,combined cycle gas turbine,natural gas,145,55.0,22.0,0.419,0.48200000000000004,46.75,46.75,4.0,23.0,34.2,46.7,5,6,no,0.0,N/A,Gersteinwerk,1973
BNA1041,open cycle gas turbine,natural gas,145,55.0,13.75,0.31,0.6509999999999999,55.0,55.0,3.0,16.5,21.0,28.5,0,0,no,0.0,N/A,Gersteinwerk,1973
BNA1042,open cycle gas turbine,natural gas,145,55.0,13.75,0.31,0.6509999999999999,55.0,55.0,3.0,16.5,21.0,28.5,0,0,no,0.0,N/A,Gersteinwerk,1973
BNA1046a,hard coal,hard coal,145,607.5,243.0,0.385,0.883,425.25,425.25,1.3,30.5,47.5,69.3,7,6,no,0.0,N/A,Gersteinwerk,1984
BNA1046b,open cycle gas turbine,natural gas,145,112.0,28.0,0.33799999999999997,0.596,112.0,112.0,3.0,16.5,21.0,28.5,0,0,no,0.0,N/A,Gersteinwerk,1984
BNA1056,open cycle gas turbine,natural gas,200,25.0,6.25,0.392,0.515,25.0,25.0,3.0,19.5,34.5,43.5,0,0,yes,36.0,DH_DE_Ind,Wi-Biebrich,2006
BNA1060,oil,oil,407,56.0,14.0,0.31,0.8590000000000001,56.0,56.0,3.0,20.7,35.8,45.1,0,0,no,0.0,N/A,Wilhelmshaven,1973
BNA1061,hard coal,hard coal,407,757.0,302.8,0.365,0.932,529.9,529.9,1.3,30.5,47.5,69.3,7,6,no,0.0,N/A,Wilhelmshaven,1976
BNA1074,open cycle gas turbine,natural gas,337,40.0,10.0,0.382,0.529,40.0,40.0,3.0,19.5,34.5,43.5,0,0,no,0.0,N/A,Spitzenlastkraftwerk Wolfen,1997
BNA1075a,hard coal,hard coal,226,61.5,24.6,0.425,0.8,43.05,43.05,1.3,45.1,73.9,73.2,7,6,yes,176.0,DH_DE_Ind,HKW Nord,2000
BNA1075b,hard coal,hard coal,56,61.5,24.6,0.425,0.8,43.05,43.05,1.3,45.1,73.9,73.2,7,6,yes,176.0,DH_DE_Ind,HKW Nord,2000
BNA1076a,hard coal,hard coal,226,138.5,55.400000000000006,0.38799999999999996,0.878,96.94999999999999,96.94999999999999,1.3,45.1,73.9,73.2,7,6,yes,140.0,DH_DE_Rem,HKW West,1985
BNA1076b,hard coal,hard coal,226,138.5,55.400000000000006,0.38799999999999996,0.878,96.94999999999999,96.94999999999999,1.3,45.1,73.9,73.2,7,6,yes,140.0,DH_DE_Rem,HKW West,1985
BNA1078,open cycle gas turbine,natural gas,32,59.0,14.75,0.39399999999999996,0.512,59.0,59.0,3.0,19.5,34.5,43.5,0,0,yes,91.0,DH_DE_Ind,HKW Wörth,2008
BNA1082,combined cycle gas turbine,natural gas,174,82.0,32.800000000000004,0.563,0.359,69.7,69.7,4.0,23.0,34.2,46.7,5,6,yes,117.0,DH_DE_Rem,HKW Barmen,2005
BNA1083,oil,oil,174,60.0,15.0,0.38,0.7,60.0,60.0,3.0,20.7,35.8,45.1,0,0,no,0.0,N/A,Spitzenlastanlage Barmen,2008
BNA1084,hard coal,hard coal,119,85.0,34.0,0.39799999999999996,0.856,59.49999999999999,59.49999999999999,1.3,45.1,73.9,73.2,7,6,yes,201.0,DH_DE_Rem,HKW Elberfeld ,1989
BNA1085,combined cycle gas turbine,natural gas,232,23.0,9.200000000000001,0.41,0.493,19.55,19.55,4.0,23.0,34.2,46.7,5,6,yes,43.0,DH_DE_Rem,Heizkraftwerke an der Friedensbrücke,1971
BNA1086,combined cycle gas turbine,natural gas,232,25.0,10.0,0.509,0.397,21.25,21.25,4.0,24.0,34.2,46.7,5,6,yes,38.0,DH_DE_Rem,Heizkraftwerke an der Friedensbrücke,1993
BNA1087,combined cycle gas turbine,natural gas,232,29.5,11.8,0.581,0.348,25.075,25.075,4.0,23.0,34.2,46.7,5,6,yes,18.0,DH_DE_Rem,Heizkraftwerke an der Friedensbrücke,2009
BNA1088,combined cycle gas turbine,natural gas,232,44.5,17.8,0.563,0.359,37.824999999999996,37.824999999999996,4.0,24.0,34.2,46.7,5,6,yes,125.0,DH_DE_Ind,Heizkraftwerke an der Friedensbrücke,2005
BNA1089,open cycle gas turbine,natural gas,375,52.0,13.0,0.381,0.53,52.0,52.0,3.0,19.5,34.5,43.5,0,0,yes,78.0,DH_DE_Ind,Zielitz,1996
BNA1092,oil,oil,311,46.0,11.5,0.318,0.838,46.0,46.0,3.0,20.7,35.8,45.1,0,0,no,0.0,N/A,Zolling,1976
BNA1093,hard coal,hard coal,311,472.0,188.8,0.45299999999999996,0.752,330.4,330.4,1.3,30.5,47.5,69.3,7,6,yes,242.0,DH_DE_Rem,Zolling,1986
BNA1094,open cycle gas turbine,natural gas,69,15.1,3.775,0.348,0.581,15.1,15.1,3.0,19.5,34.5,43.5,0,0,yes,16.0,DH_DE_Ind,Gaskraftwerk,1966
BNA1097,lignite,lignite,69,14.4,7.2,0.424,0.857,7.2,7.2,7.0,45.1,73.9,73.2,10,7,yes,38.0,DH_DE_Ind,Kohlekraftwerk,1978
BNA1103,open cycle gas turbine,natural gas,296,29.0,7.25,0.348,0.581,29.0,29.0,3.0,19.5,34.5,43.5,0,0,yes,54.0,DH_DE_Ind,UPM Augsburg,1966
BNA1104,open cycle gas turbine,natural gas,296,18.0,4.5,0.359,0.563,18.0,18.0,3.0,19.5,34.5,43.5,0,0,yes,43.0,DH_DE_Rem,Heizkraftwerk,1976
BNA1105,open cycle gas turbine,natural gas,228,9.7,2.425,0.37799999999999995,0.5329999999999999,9.7,9.7,3.0,19.5,34.5,43.5,0,0,yes,15.0,DH_DE_Rem,HKW Bad Salzungen,1994
BNA1117,open cycle gas turbine,natural gas,128,11.4,2.85,0.384,0.526,11.4,11.4,3.0,19.5,34.5,43.5,0,0,yes,8.0,DH_DE_Ind,Industriekraftwerk Breuberg,1999
BNA1120,open cycle gas turbine,natural gas,154,10.2,2.55,0.35700000000000004,0.5660000000000001,10.2,10.2,3.0,16.5,21.0,28.5,0,0,yes,16.0,DH_DE_Ind,Energiezentrale,1991
BNA1125,open cycle gas turbine,natural gas,199,10.0,2.5,0.377,0.535,10.0,10.0,3.0,16.5,21.0,28.5,0,0,yes,15.0,DH_DE_Ind,Heizkraftwerk,1999
BNA1127,open cycle gas turbine,natural gas,317,6.7,1.675,0.375,0.5379999999999999,6.7,6.7,3.0,16.5,21.0,28.5,0,0,yes,10.0,DH_DE_Rem,GHD,1998
BNA1128,open cycle gas turbine,natural gas,317,6.7,1.675,0.375,0.5379999999999999,6.7,6.7,3.0,16.5,21.0,28.5,0,0,yes,10.0,DH_DE_Rem,GHD,1998
BNA1131,open cycle gas turbine,natural gas,170,14.0,3.5,0.397,0.508,14.0,14.0,3.0,19.5,34.5,43.5,0,0,no,0.0,N/A,"MT, Düren",2011
BNA1138,open cycle gas turbine,natural gas,118,10.2,2.55,0.385,0.524,10.2,10.2,3.0,19.5,34.5,43.5,0,0,yes,15.0,DH_DE_Rem,BHKW an Klinkerweg,2000
BNA1141,lignite,lignite,71,14.5,7.25,0.431,0.843,7.25,7.25,7.0,45.1,73.9,73.2,10,7,yes,38.0,DH_DE_Ind,P&L Werk Euskirchen,2013
BNA1151,open cycle gas turbine,natural gas,58,13.5,3.375,0.387,0.521,13.5,13.5,3.0,19.5,34.5,43.5,0,0,yes,8.0,DH_DE_Ind,KWKK Heidelberg,2002
BNA1164,lignite,lignite,170,24.6,12.3,0.41,0.887,12.3,12.3,7.0,45.1,73.9,73.2,10,7,yes,65.0,DH_DE_Ind,P&L Werk Jülich,2004
BNA1165,open cycle gas turbine,natural gas,147,11.4,2.85,0.389,0.518,11.4,11.4,3.0,19.5,34.5,43.5,0,0,yes,16.0,DH_DE_Ind,P&L Werk Appeldorn,2004
BNA1166,oil,oil,95,4.8,1.2,0.382,0.6970000000000001,4.8,4.8,3.0,20.7,35.8,45.1,0,0,no,0.0,N/A,Abfallentsorgungszentrum Asdonkshof,1997
BNA1182,open cycle gas turbine,natural gas,104,15.5,3.875,0.34700000000000003,0.5820000000000001,15.5,15.5,3.0,19.5,34.5,43.5,0,0,yes,29.0,DH_DE_Rem,HKW Merkenich,1965
BNA1183,combined cycle gas turbine,natural gas,108,15.8,6.32,0.545,0.371,13.43,13.43,4.0,23.0,34.2,46.7,5,6,yes,9.0,DH_DE_Rem,HKW Merheim,2001
BNA1185,lignite,lignite,373,20.3,10.15,0.38299999999999995,0.948,10.15,10.15,7.0,45.1,73.9,73.2,10,7,yes,53.0,DH_DE_Rem,P&L Werk Könnern,1993
BNA1187,open cycle gas turbine,natural gas,216,10.2,2.55,0.363,0.556,10.2,10.2,3.0,19.5,34.5,43.5,0,0,yes,16.0,DH_DE_Ind,P&L Werk Lage,1980
BNA1193,open cycle gas turbine,natural gas,216,12.8,3.2,0.387,0.521,12.8,12.8,3.0,19.5,34.5,43.5,0,0,yes,18.0,DH_DE_Rem,HKW-West,2001
BNA1196a,open cycle gas turbine,natural gas,252,12.5,3.125,0.39399999999999996,0.512,12.5,12.5,3.0,19.5,34.5,43.5,0,0,yes,18.0,DH_DE_Rem,BHKW Ludwigshafen,2008
BNA1196b,combined cycle gas turbine,natural gas,252,12.0,4.800000000000001,0.5539999999999999,0.365,10.2,10.2,4.0,23.0,34.2,46.7,5,6,yes,17.0,DH_DE_Ind,Industriekraftwerk Ludwigshafen,2003
BNA1200,combined cycle gas turbine,natural gas,250,17.2,6.88,0.563,0.359,14.62,14.62,4.0,24.0,34.2,46.7,5,6,yes,10.0,DH_DE_Ind,GuD-Kraftwerk,2005
BNA1212,oil,oil,49,11.4,2.85,0.37200000000000005,0.715,11.4,11.4,3.0,20.7,35.8,45.1,0,0,no,0.0,N/A,DKW Nord,1988
BNA1225,open cycle gas turbine,natural gas,303,5.3,1.325,0.373,0.541,5.3,5.3,3.0,19.5,34.5,43.5,0,0,yes,9.0,DH_DE_Rem,PWG,1989
BNA1226,open cycle gas turbine,natural gas,303,5.3,1.325,0.371,0.544,5.3,5.3,3.0,19.5,34.5,43.5,0,0,yes,9.0,DH_DE_Rem,PWG,1987
BNA1227,oil,oil,49,11.4,2.85,0.366,0.726,11.4,11.4,3.0,20.7,35.8,45.1,0,0,no,0.0,N/A,DKW Leinau,1983
BNA1238,open cycle gas turbine,natural gas,305,12.6,3.15,0.385,0.524,12.6,12.6,3.0,19.5,34.5,43.5,0,0,yes,8.0,DH_DE_Ind,Kraftwerk Meggle,2000
BNA1248a,open cycle gas turbine,natural gas,49,82.0,20.5,0.35100000000000003,0.575,82.0,82.0,3.0,19.5,34.5,43.5,0,0,yes,83.0,DH_DE_Rem,UPM Schongau,1969
BNA1248b,open cycle gas turbine,natural gas,49,65.0,16.25,0.402,0.503,65.0,65.0,3.0,19.5,34.5,43.5,0,0,no,0.0,N/A,HKW3 UPM Schongau,2015
BNA1260,open cycle gas turbine,natural gas,272,95.0,23.75,0.39899999999999997,0.505,95.0,95.0,3.0,19.5,34.5,43.5,0,0,yes,102.0,DH_DE_Ind,Heizkraftwerk Sindelfingen,2013
BNA1264,open cycle gas turbine,natural gas,330,13.5,3.375,0.38,0.532,13.5,13.5,3.0,19.5,34.5,43.5,0,0,no,0.0,N/A,HKW Bohrhügel,1995
BNA1271,open cycle gas turbine,natural gas,180,33.6,8.4,0.34700000000000003,0.5820000000000001,33.6,33.6,3.0,19.5,34.5,43.5,0,0,yes,62.0,DH_DE_Ind,Unterbreizbach,1965
BNA1279,combined cycle gas turbine,natural gas,106,51.9,20.76,0.428,0.47200000000000003,44.114999999999995,44.114999999999995,4.0,23.0,34.2,46.7,5,6,yes,80.0,DH_DE_Ind,Gasturbine,1996
BNA1280,oil,oil,106,66.3,16.575,0.38,0.7,66.3,66.3,3.0,20.7,35.8,45.1,0,0,yes,111.0,DH_DE_Ind,Kraftwerk,1962
BNA1284,open cycle gas turbine,natural gas,249,11.5,2.875,0.375,0.5379999999999999,11.5,11.5,3.0,19.5,34.5,43.5,0,0,yes,18.0,DH_DE_Ind,Co-Generation,1991
BNA1285,open cycle gas turbine,natural gas,385,19.0,4.75,0.35600000000000004,0.5660000000000001,19.0,19.0,3.0,19.5,34.5,43.5,0,0,yes,29.0,DH_DE_Ind,Sigmundshall,1974
BNA1292a,open cycle gas turbine,natural gas,292,11.1,2.775,0.366,0.551,11.1,11.1,3.0,19.5,34.5,43.5,0,0,yes,19.0,DH_DE_Ind,IHKW Heidenheim,1983
BNA1292b,open cycle gas turbine,natural gas,292,15.4,3.85,0.385,0.524,15.4,15.4,3.0,19.5,34.5,43.5,0,0,yes,9.0,DH_DE_Ind,IHKW Heidenheim,2014
BNA1293b,lignite,lignite,165,10.0,5.0,0.38799999999999996,0.9359999999999999,5.0,5.0,7.0,45.1,73.9,73.2,10,7,yes,26.0,DH_DE_Ind,Kraftwerk,1995
BNA1294,oil,oil,414,38.0,9.5,0.377,0.705,38.0,38.0,3.0,20.7,35.8,45.1,0,0,yes,61.0,DH_DE_Ind,EEV,1993
BNA1315,open cycle gas turbine,natural gas,268,27.0,6.75,0.386,0.523,27.0,27.0,3.0,19.5,34.5,43.5,0,0,yes,42.0,DH_DE_Ind,HKW,2001
BNA1327a,open cycle gas turbine,natural gas,311,11.1,2.775,0.376,0.536,11.1,11.1,3.0,19.5,34.5,43.5,0,0,yes,19.0,DH_DE_Ind,Energiezentrale 1992,1992
BNA1327b,open cycle gas turbine,natural gas,311,7.4,1.85,0.38799999999999996,0.52,7.4,7.4,3.0,19.5,34.5,43.5,0,0,yes,11.0,DH_DE_Rem,Erweiterung Energiezentrale 2003,2003
BNA1328,open cycle gas turbine,natural gas,305,24.0,6.0,0.386,0.523,24.0,24.0,3.0,19.5,34.5,43.5,0,0,yes,16.0,DH_DE_Ind,HBB,2001
BNA1329,combined cycle gas turbine,natural gas,349,12.8,5.120000000000001,0.509,0.397,10.88,10.88,4.0,24.0,34.2,46.7,5,6,yes,20.0,DH_DE_Ind,K&N PFK AG EV,1993
BNA1331,hard coal,hard coal,210,19.0,7.6000000000000005,0.315,1.08,13.299999999999999,13.299999999999999,1.3,45.1,73.9,73.2,7,6,yes,35.0,DH_DE_Rem,Reno De Medici,1923
BNA1332,open cycle gas turbine,natural gas,159,24.0,6.0,0.38,0.532,24.0,24.0,3.0,19.5,34.5,43.5,0,0,yes,50.0,DH_DE_Ind,INEOS Kraftwerk,1995
BNA1333a,open cycle gas turbine,natural gas,272,12.2,3.05,0.37200000000000005,0.5429999999999999,12.2,12.2,3.0,19.5,34.5,43.5,0,0,yes,19.0,DH_DE_Rem,HKW Pfaffenwald,1988
BNA1333b,open cycle gas turbine,natural gas,272,11.3,2.825,0.35100000000000003,0.575,11.3,11.3,3.0,19.5,34.5,43.5,0,0,yes,27.0,DH_DE_Rem,HKW Pfaffenwald,1969
BNA1333c,open cycle gas turbine,natural gas,272,11.6,2.9,0.35,0.5770000000000001,11.6,11.6,3.0,19.5,34.5,43.5,0,0,yes,28.0,DH_DE_Rem,HKW Pfaffenwald,1968
BNA1334,combined cycle gas turbine,natural gas,399,14.8,5.920000000000001,0.5489999999999999,0.368,12.58,12.58,4.0,23.0,34.2,46.7,5,6,yes,23.0,DH_DE_Rem,KWK-Anlage,2002
BNA1335a,open cycle gas turbine,natural gas,405,58.1,14.525,0.373,0.541,58.1,58.1,3.0,19.5,34.5,43.5,0,0,yes,94.0,DH_DE_Ind,PKV Kraftwerk,1989
BNA1336,open cycle gas turbine,natural gas,116,84.0,21.0,0.32799999999999996,0.616,84.0,84.0,3.0,19.5,34.5,43.5,0,0,yes,156.0,DH_DE_Ind,Holthausen,1948
BNA1337e,combined cycle gas turbine,natural gas,128,47.0,18.8,0.599,0.337,39.949999999999996,39.949999999999996,4.0,24.0,34.2,46.7,5,6,yes,28.0,DH_DE_Ind,GuD-Anlage,2013
BNA1338,oil,oil,129,19.0,4.75,0.361,0.737,19.0,19.0,3.0,20.7,35.8,45.1,0,0,no,0.0,N/A,Spitzenkraftwerk,1978
BNA1396,open cycle gas turbine,natural gas,351,34.3,8.575,0.38299999999999995,0.527,34.3,34.3,3.0,19.5,34.5,43.5,0,0,yes,54.0,DH_DE_Ind,EVC / GLOBALFOUNDRIES,1998
BNA1400a,lignite,lignite,341,18.5,9.25,0.38299999999999995,0.948,9.25,9.25,7.0,45.1,73.9,73.2,10,7,yes,49.0,DH_DE_Ind,EZ1,1993
BNA1400b,oil,oil,341,18.5,4.625,0.377,0.705,18.5,18.5,3.0,20.7,35.8,45.1,0,0,yes,27.0,DH_DE_Ind,EZ1,1993
BNA1401a,lignite,lignite,164,1050.0,525.0,0.429,0.847,525.0,525.0,7.0,30.4,47.5,69.3,10,7,no,0.0,N/A,BoA 2,2012
BNA1401b,lignite,lignite,164,1050.0,525.0,0.429,0.847,525.0,525.0,7.0,30.4,47.5,69.3,10,7,no,0.0,N/A,BoA 3,2012
BNA1402,open cycle gas turbine,natural gas,57,18.1,4.525,0.38,0.532,18.1,18.1,3.0,19.5,34.5,43.5,0,0,yes,28.0,DH_DE_Ind,Heizkraftwerk zur Papierfabrik,1995
BNA1403,open cycle gas turbine,natural gas,56,11.4,2.85,0.38,0.532,11.4,11.4,3.0,19.5,34.5,43.5,0,0,yes,18.0,DH_DE_Ind,Steinitz,1995
BNA1404,lignite,lignite,354,640.0,320.0,0.429,0.847,320.0,320.0,7.0,30.4,47.5,69.3,10,7,no,0.0,N/A,Boxberg,2012
BNA1405a,hard coal,hard coal,297,20.7,8.28,0.37,0.919,14.489999999999998,14.489999999999998,1.3,45.1,73.9,73.2,7,6,yes,48.0,DH_DE_Rem,Heizkraftwerk Magirusstraße,1978
BNA1406,open cycle gas turbine,natural gas,161,18.9,4.725,0.376,0.536,18.9,18.9,3.0,19.5,34.5,43.5,0,0,yes,30.0,DH_DE_Ind,FS-Karton,1992
BNA1407,open cycle gas turbine,natural gas,349,13.5,3.375,0.39299999999999996,0.514,13.5,13.5,3.0,19.5,34.5,43.5,0,0,yes,19.0,DH_DE_Ind,STW,2007
BNA1408,open cycle gas turbine,natural gas,80,16.0,4.0,0.363,0.556,16.0,16.0,3.0,19.5,34.5,43.5,0,0,yes,28.0,DH_DE_Ind,Heizkraftwerk Evonik Rheinfelden,1980
BNA1437,open cycle gas turbine,natural gas,64,30.7,7.675,0.41100000000000003,0.491,30.7,30.7,3.0,16.5,21.0,28.5,0,0,yes,44.0,DH_DE_Ind,KWK AOS GmbH,2012
BNA1444a,open cycle gas turbine,natural gas,323,4.2,1.05,0.36200000000000004,0.5579999999999999,4.2,4.2,3.0,16.5,21.0,28.5,0,0,yes,6.0,DH_DE_Ind,GT1 ,1993
BNA1444b,open cycle gas turbine,natural gas,323,4.2,1.05,0.36200000000000004,0.5579999999999999,4.2,4.2,3.0,16.5,21.0,28.5,0,0,yes,6.0,DH_DE_Ind,GT2 ,1993
BNA1444c,open cycle gas turbine,natural gas,323,5.1,1.275,0.364,0.5539999999999999,5.1,5.1,3.0,16.5,21.0,28.5,0,0,yes,8.0,DH_DE_Ind,GT3 ,1994
BNA1444d,open cycle gas turbine,natural gas,323,5.1,1.275,0.36700000000000005,0.55,5.1,5.1,3.0,16.5,21.0,28.5,0,0,yes,8.0,DH_DE_Ind,GT4 ,1995
BNA1450,combined cycle gas turbine,natural gas,380,13.0,5.2,0.54,0.374,11.049999999999999,11.049999999999999,4.0,24.0,34.2,46.7,5,6,yes,8.0,DH_DE_Ind,GUD-Anlage DREWSEN,2000
BNA1451,lignite,lignite,14,27.5,13.75,0.309,1.176,13.75,13.75,7.0,45.1,73.9,73.2,10,7,yes,55.0,DH_DE_Rem,HKW Sachtleben,1962
BNA1461,lignite,lignite,341,17.5,8.75,0.41200000000000003,0.882,8.75,8.75,7.0,45.1,73.9,73.2,10,7,yes,46.0,DH_DE_Ind,Zeitz,2005
BNA1463,open cycle gas turbine,natural gas,335,19.5,4.875,0.361,0.5589999999999999,19.5,19.5,3.0,19.5,34.5,43.5,0,0,yes,34.0,DH_DE_Ind,Herzberg,1978
BNA1464,open cycle gas turbine,natural gas,238,38.6,9.65,0.39799999999999996,0.507,38.6,38.6,3.0,19.5,34.5,43.5,0,0,yes,77.0,DH_DE_Saar,Gas- u. Dampfturbinenanlage Südraum,2012
BNA1465b,open cycle gas turbine,natural gas,222,13.2,3.3,0.358,0.564,13.2,13.2,3.0,19.5,34.5,43.5,0,0,yes,19.0,DH_DE_Rem,Gaskraftwerk,1975
BNA1467,hard coal,hard coal,267,18.5,7.4,0.39,0.872,12.95,12.95,1.3,45.1,73.9,73.2,7,6,yes,36.0,DH_DE_Ind,Oberkirch,1986
BNA1486,lignite,lignite,338,49.0,24.5,0.35,1.0390000000000001,24.5,24.5,7.0,45.1,73.9,73.2,10,7,yes,140.0,DH_DE_Ind,Grubenheizkraftwerk,1979
BNA1487,combined cycle gas turbine,natural gas,199,94.6,37.839999999999996,0.599,0.337,80.41,80.41,4.0,24.0,34.2,46.7,5,6,no,0.0,N/A,GTKW Darmstadt,2013
BNA1489,open cycle gas turbine,natural gas,130,22.0,5.5,0.37799999999999995,0.5329999999999999,22.0,22.0,3.0,19.5,34.5,43.5,0,0,no,0.0,N/A,Heizkraftwerk Stendal,1994
BNA1492a,open cycle gas turbine,natural gas,227,26.2,6.55,0.374,0.54,26.2,26.2,3.0,19.5,34.5,43.5,0,0,yes,42.0,DH_DE_Ind,Kraftwerk 3,1990
BNA1492b,open cycle gas turbine,natural gas,227,8.0,2.0,0.39799999999999996,0.507,8.0,8.0,3.0,19.5,34.5,43.5,0,0,yes,11.0,DH_DE_Rem,Kraftwerk 2,2012
BNA1498,open cycle gas turbine,natural gas,384,30.6,7.65,0.33299999999999996,0.605,30.6,30.6,3.0,19.5,34.5,43.5,0,0,yes,57.0,DH_DE_Ind,Werk Nordstemmen,1953
BNA1499,open cycle gas turbine,natural gas,381,15.8,3.95,0.385,0.524,15.8,15.8,3.0,19.5,34.5,43.5,0,0,yes,38.0,DH_DE_Ind,Werk Clauen,2000
BNA1500,hard coal,hard coal,389,40.0,16.0,0.4,0.85,28.0,28.0,1.3,45.1,73.9,73.2,7,6,yes,63.0,DH_DE_Ind,Werk Uelzen,1990
BNA1502,open cycle gas turbine,natural gas,444,12.6,3.15,0.39899999999999997,0.505,12.6,12.6,3.0,19.5,34.5,43.5,0,0,yes,19.0,DH_DE_Rem,Heizkraftwerk Krefeld,2013
BNA1503,open cycle gas turbine,natural gas,114,16.9,4.225,0.39799999999999996,0.507,16.9,16.9,3.0,19.5,34.5,43.5,0,0,yes,24.0,DH_DE_Ind,BHKW H.120,2012
BNA1504,open cycle gas turbine,natural gas,32,13.0,3.25,0.39899999999999997,0.505,13.0,13.0,3.0,19.5,34.5,43.5,0,0,yes,19.0,DH_DE_Ind,BHKW,2013
BNA1505,open cycle gas turbine,natural gas,228,22.1,5.525,0.377,0.535,22.1,22.1,3.0,19.5,34.5,43.5,0,0,yes,35.0,DH_DE_Rem,HKW Wiesengrund,1993
BNA1506,open cycle gas turbine,natural gas,374,23.4,5.85,0.37799999999999995,0.5329999999999999,23.4,23.4,3.0,19.5,34.5,43.5,0,0,yes,38.0,DH_DE_Ind,Werk Klein Wanzleben,1994
BNA1507,open cycle gas turbine,natural gas,201,10.7,2.675,0.392,0.515,10.7,10.7,3.0,19.5,34.5,43.5,0,0,yes,15.0,DH_DE_Ind,Bad Kreuznach,2006
BNA1508,hard coal,hard coal,16,746.0,298.40000000000003,0.45799999999999996,0.743,522.1999999999999,522.1999999999999,1.3,30.5,47.5,69.3,7,6,no,0.0,N/A,Trianel Kohlekraftwerk Lünen,2013
BNA1509,open cycle gas turbine,natural gas,392,66.0,16.5,0.381,0.53,66.0,66.0,3.0,19.5,34.5,43.5,0,0,yes,102.0,DH_DE_Ind,BP Werk Lingen,1996
BNA1511a,lignite,lignite,170,9.3,4.65,0.359,1.011,4.65,4.65,7.0,45.1,73.9,73.2,10,7,yes,16.0,DH_DE_Rem,Kessel 4,1983
BNA1511b,open cycle gas turbine,natural gas,170,2.9,1.0,0.349,0.579,2.9,2.9,3.0,19.5,34.5,43.5,0,0,yes,5.0,DH_DE_Rem,Kessel 2,1967
BNA1516,open cycle gas turbine,natural gas,76,30.0,7.5,0.376,0.536,30.0,30.0,3.0,19.5,34.5,43.5,0,0,yes,46.0,DH_DE_Ind,HKW 1 Werk Offstein,1992
BNA1523a,combined cycle gas turbine,natural gas,68,42.0,16.8,0.504,0.4,35.699999999999996,35.699999999999996,4.0,23.0,34.2,46.7,5,6,yes,30.0,DH_DE_Rem,Gemeinschaftskraftwerk Weig,1992
BNA1524,open cycle gas turbine,natural gas,400,22.1,5.525,0.28800000000000003,0.7,22.1,22.1,3.0,19.5,34.5,43.5,0,0,yes,46.0,DH_DE_Ind,Heizkraftwerk Bomlitz,1912
BNA1526,oil,oil,430,44.5,11.125,0.34299999999999997,0.8540000000000001,44.5,44.5,3.0,20.7,35.8,45.1,0,0,yes,74.0,DH_DE_Ind,Kraftwerk Raffinerie Heide,1962
BNA1528,open cycle gas turbine,natural gas,7,13.2,3.3,0.374,0.54,13.2,13.2,3.0,19.5,34.5,43.5,0,0,yes,20.0,DH_DE_Rem,Stadtwerk Kempen,1990
BNA1531,open cycle gas turbine,natural gas,417,37.7,9.425,0.4,0.504,37.7,37.7,3.0,19.5,34.5,43.5,0,0,yes,54.0,DH_DE_Ind,Industriekraftwerk Greifswald,2014
BNA1541,open cycle gas turbine,natural gas,349,13.4,3.35,0.39899999999999997,0.505,13.4,13.4,3.0,19.5,34.5,43.5,0,0,yes,18.0,DH_DE_Rem,HKW Freiberg,2013
BNA1556,open cycle gas turbine,natural gas,351,36.0,9.0,0.4,0.504,36.0,36.0,3.0,19.5,34.5,43.5,0,0,yes,29.0,DH_DE_Rem,Leppersdorf,2014
BNA1557,open cycle gas turbine,natural gas,347,12.9,3.225,0.4,0.504,12.9,12.9,3.0,19.5,34.5,43.5,0,0,yes,56.0,DH_DE_Ind,Zwickau,2014
BNA1558,hard coal,hard coal,414,766.0,306.40000000000003,0.46299999999999997,0.735,536.1999999999999,536.1999999999999,1.3,30.5,47.5,69.3,7,6,no,0.0,N/A,Moorburg B,2015
BNA1658,open cycle gas turbine,natural gas,216,11.3,2.825,0.363,0.556,11.3,11.3,3.0,19.5,34.5,43.5,0,0,yes,17.0,DH_DE_Rem,HKW-Mitte,1980
BNA1671,open cycle gas turbine,natural gas,404,17.1,4.275,0.4,0.504,17.1,17.1,3.0,19.5,34.5,43.5,0,0,yes,10.0,DH_DE_Ind,Bremerhaven,2014
BNA1673,hard coal,hard coal,414,774.0,309.6,0.46299999999999997,0.735,541.8,541.8,1.3,30.5,47.5,69.3,7,6,no,0.0,N/A,Moorburg A,2015
BNA1674,hard coal,hard coal,407,731.0,292.40000000000003,0.46299999999999997,0.735,511.7,511.7,1.3,30.5,47.5,69.3,7,6,no,0.0,N/A,Kraftwerk Wilhelmshaven,2015
BNA1677,open cycle gas turbine,natural gas,56,10.4,2.6,0.402,0.503,10.4,10.4,3.0,19.5,34.5,43.5,0,0,no,0.0,N/A,BHKW Braunschweig,2015
BNA1678,open cycle gas turbine,natural gas,311,17.2,4.3,0.402,0.503,17.2,17.2,3.0,19.5,34.5,43.5,0,0,no,0.0,N/A,Energiezentrale 2016,2015
BNA0172,combined cycle gas turbine,natural gas,315,178.0,71.2,0.544,0.371,151.29999999999998,151.29999999999998,4.0,24.0,34.2,46.7,5,6,yes,380.0,DH_DE_Ind,Dampfkraftwerk BGH - O1,2001
